"","TAGNUMBER","TANK_Real","T2minusT1","SGR_1","T3minusT1","SGR_2","T4minusT1","SGR_3","T5minusT1","SGR_4","T6minusT1","SGR_5","T7minusT1","SGR_6"
"1","00186D163A",151,32,1.95333017266976,62,2.42915909096499,98,2.13832858847827,133,2.02719923193904,161,1.9466210036563,244,1.74023732864959
"2","00186D163B",201,32,2.59382177411069,62,1.61024418293345,98,1.47324825011856,133,1.456891919114,161,1.48490134782751,244,1.27050215488711
"3","00186D163C",152,32,2.38832101778064,NA,NA,NA,NA,NA,NA,NA,NA,NA,NA
"4","00186D163D",201,32,1.8284478966855,62,1.15312484074162,98,1.49606768468771,NA,NA,NA,NA,NA,NA
"5","00186D163D",201,32,1.8284478966855,62,1.15312484074162,98,1.44295844503284,NA,NA,NA,NA,NA,NA
"6","00186D163E",152,32,2.35364768828812,NA,NA,NA,NA,NA,NA,NA,NA,NA,NA
"7","00186D163F",151,32,3.68087618966881,62,3.40009094868343,98,3.03439541144286,133,2.66621025530009,161,2.36402986348416,NA,NA
"8","00186D1640",202,32,4.07741549665499,62,2.9726009656261,98,2.89359755600371,133,2.65159053312549,161,2.35704529598604,NA,NA
"9","00186D1641",202,32,2.27059746944409,62,1.3025170192974,98,1.57284842378522,NA,NA,NA,NA,NA,NA
"10","00186D1641",202,32,2.27059746944409,62,1.3025170192974,98,1.59563118420758,NA,NA,NA,NA,NA,NA
"11","00186D1642",202,32,2.1300403039735,NA,NA,NA,NA,NA,NA,NA,NA,NA,NA
"12","00186D1643",152,32,3.01972362892933,62,2.94462902399051,98,2.51936240540453,133,2.37015854729157,161,2.20676401709445,NA,NA
"13","00186D1644",152,32,2.73998262362902,62,2.91471549410447,98,2.70584125462798,133,2.47437157376909,161,2.31169389514627,244,1.86590740516601
"14","00186D1645",202,32,3.09702111500663,62,1.43771811146356,98,1.28653511942485,133,1.35630303072138,161,1.10279670120081,244,1.13575314598136
"15","00186D1646",201,32,2.6989411841974,62,2.04922537874768,98,1.87458853987541,NA,NA,NA,NA,NA,NA
"16","00186D1646",201,32,2.6989411841974,62,2.04922537874768,98,1.88613972039609,NA,NA,NA,NA,NA,NA
"17","00186D1647",202,32,2.09979276832637,62,1.52484707131808,98,1.43891503520679,133,1.43024560964122,161,1.41181283493783,NA,NA
"18","00186D1648",202,32,1.66390190392012,62,0.769759949654514,98,1.51097082230383,NA,NA,NA,NA,NA,NA
"19","00186D1648",202,32,1.66390190392012,62,0.769759949654514,98,1.69131623336207,NA,NA,NA,NA,NA,NA
"20","00186D1649",151,32,3.22895460151202,62,2.9802346469197,98,2.31408365851955,133,2.08361775564665,161,1.9794279007519,244,1.62445707989731
"21","00186D164A",201,32,3.03983412891338,62,2.494488150498,98,2.17662912147112,NA,NA,NA,NA,NA,NA
"22","00186D164A",201,32,3.03983412891338,62,2.494488150498,98,2.11146501871859,NA,NA,NA,NA,NA,NA
"23","00186D164B",201,32,3.2218467166619,62,2.48695905639238,98,2.19712822109794,NA,NA,NA,NA,NA,NA
"24","00186D164C",151,32,3.76507164437967,62,3.61719999635901,98,3.18916983190165,133,2.86644101981937,161,2.57902757580459,244,2.02080509430791
"25","00186D164D",152,32,2.96275796141234,62,3.0881617680681,98,2.64080235572055,133,2.35289790329665,161,2.13597761202602,244,1.78343658570321
"26","00186D164E",151,32,3.54903948781835,62,3.60745555722939,98,3.15012636478709,133,2.80935836318572,161,2.57456434945293,244,2.04997900471309
"27","00186D164F",151,32,2.97550168223879,62,3.05080264563227,98,2.29284583437437,133,2.11448986099114,161,2.04020140226517,NA,NA
"28","00186D1650",151,32,1.8538068771883,62,2.67342650405369,98,2.39123442449694,133,2.3628827178098,161,2.2542622500954,244,1.90221417611247
"29","00186D1651",202,32,2.79201425045448,62,2.67490907797934,98,2.34817743559406,NA,NA,NA,NA,NA,NA
"30","00186D1651",202,32,2.79201425045448,62,2.67490907797934,98,2.29501187707015,NA,NA,NA,NA,NA,NA
"31","00186D1652",201,32,1.96962839859378,NA,NA,NA,NA,NA,NA,NA,NA,NA,NA
"32","00186D1653",201,32,2.48512864218302,NA,NA,NA,NA,NA,NA,NA,NA,NA,NA
"33","00186D1654",152,32,3.2944905700578,62,3.11013322334528,98,2.65472097229116,133,2.40441737315322,161,2.18997833895853,244,1.78061615945928
"34","00186D1655",202,32,2.55690037998486,62,2.24996193690974,98,2.11599733055594,133,2.09740241199199,161,1.85902622684868,244,1.500796905617
"35","00186D1656",202,32,3.26988383078417,62,2.61321850853122,98,2.64781080827574,133,2.46498718592425,161,2.27412677937893,NA,NA
"36","00186D1657",152,32,2.79583615472709,NA,NA,NA,NA,NA,NA,NA,NA,NA,NA
"37","00186D1658",152,32,2.27269940244554,NA,NA,NA,NA,NA,NA,NA,NA,NA,NA
"38","00186D1659",202,32,2.68317164137559,62,1.04470483999872,98,1.3074174985807,133,1.77844837506758,161,1.86748751968222,NA,NA
"39","00186D165A",152,32,3.26988383078417,62,3.05223489153772,98,2.61911640417507,NA,NA,NA,NA,NA,NA
"40","00186D165B",202,32,1.68301351368747,62,1.58246977379881,98,2.12130460010378,133,2.02942991157049,NA,NA,NA,NA
"41","00186D165C",201,32,2.26150553128537,62,2.14473513821236,98,2.39622170823661,133,2.24222104640937,161,2.02629711796474,244,1.55165391498151
"42","00186D165E",201,32,2.03402567950237,62,1.62356931620571,98,1.54111408485258,NA,NA,NA,NA,NA,NA
"43","00186D165E",201,32,2.03402567950237,62,1.62356931620571,98,1.58430175657731,NA,NA,NA,NA,NA,NA
"44","00186D165F",201,32,2.95390665491486,62,2.75259945295414,98,2.46228537034585,133,2.40208065135765,161,2.2411729969219,NA,NA
"45","00186D1660",201,32,1.54501037201327,NA,NA,NA,NA,NA,NA,NA,NA,NA,NA
"46","00186D1661",202,32,2.36898964192929,62,1.96718215484877,98,1.76917923994837,133,1.6425571889273,161,1.53275455219071,244,1.33049914875405
"47","00186D1662",201,32,2.18971486541166,62,0.810972790448861,98,0.830912889472213,133,1.19427724845023,161,1.3670557343209,244,1.40782923469622
"48","00186D1663",202,32,2.29448048961669,62,1.59456226004924,98,1.62781009020267,133,1.61304556554565,161,1.45293074669892,244,1.35786022774216
"49","00186D1664",151,32,2.49453483760647,62,2.96859416973916,98,2.59104526926792,133,2.39439793470304,161,2.38593030799823,244,1.97866654612999
"50","00186D1665",151,32,2.86164182605724,62,3.00431752187129,98,2.59954510567564,133,2.42362111697654,161,2.25834296739136,NA,NA
"51","00186D1666",151,32,3.16411924026738,62,3.30680712871538,98,2.87379754276813,NA,NA,NA,NA,NA,NA
"52","00186D1667",152,32,2.77360753628788,62,3.15956233696126,98,2.69603360323483,NA,NA,NA,NA,NA,NA
"53","00186D1667",152,32,2.77360753628788,62,3.15956233696126,98,2.66466124041904,NA,NA,NA,NA,NA,NA
"54","00186D1668",201,32,2.32016017581933,62,1.83273944572326,98,1.58430175657731,133,1.52649843749002,NA,NA,NA,NA
"55","00186D1669",201,32,2.07364336026272,62,0.576940093230527,NA,NA,NA,NA,NA,NA,NA,NA
"56","00186D166A",152,32,2.18971486541166,62,2.33136434970509,98,1.93874361425279,133,1.67676974346369,161,1.55539252488439,NA,NA
"57","00186D166B",201,32,3.08877103879339,62,2.48768999664895,98,2.53679955747399,133,2.24329696337842,161,2.08858900901829,NA,NA
"58","00186D166C",152,32,3.29689324257061,62,3.10226782999736,98,2.76203105084241,133,2.47820300086139,161,2.23018033974569,244,1.88127452905014
"59","00186D166D",152,32,3.41195034321142,62,3.37176089752085,98,2.84499226848285,133,2.59596332591889,161,2.40705085806596,244,1.95110757628714
"60","00186D166E",202,32,1.50995218371923,62,0.993783739030007,98,1.03035703525709,133,1.10409752781881,161,1.14668212398314,244,1.0964582252833
"61","00186D166F",202,32,2.77360753628788,62,1.72075061608705,98,1.89255332122658,133,1.81088256562913,161,1.66694422802529,NA,NA
"62","00186D1670",201,32,2.58198760778205,62,2.5105690188576,98,2.34042007715025,133,2.16284713318879,161,1.98430970192558,244,1.57951846459132
"63","00186D1671",201,32,3.65069173727062,62,2.97310114705931,98,2.76629371484935,133,2.38048663472801,161,2.17596724350335,244,1.77250473125226
"64","00186D1672",151,32,2.13780124402283,NA,NA,NA,NA,NA,NA,NA,NA,NA,NA
"65","00186D1673",151,32,3.41487096616913,62,3.20523530706118,98,2.72414047665839,133,2.42966727281348,161,2.27181439422168,244,1.91238733584691
"66","00186D1674",202,32,3.21175116862575,62,1.82638581188121,98,2.25907428890189,NA,NA,NA,NA,NA,NA
"67","00186D1674",202,32,3.21175116862575,62,1.82638581188121,98,2.33164769072363,NA,NA,NA,NA,NA,NA
"68","00186D1675",152,32,3.26988383078417,62,3.38278751089707,98,3.02774958419976,133,2.78354284590121,161,2.57850846427783,NA,NA
"69","00186D1676",202,32,2.66835121068942,62,2.27439246771772,98,2.26364213839969,133,2.23724549636035,161,2.01778429953869,NA,NA
"70","00186D1677",151,32,3.19214587492733,62,3.39685998090615,98,2.79248454693357,133,2.77412686803689,161,2.59176161888355,244,2.14055070433552
"71","00186D1678",151,32,2.41027635654452,62,2.481624014288,98,1.9283594519981,133,1.67780916020861,161,1.60935243217066,NA,NA
"72","00186D1679",202,32,1.95333017266976,62,0.49376607439251,NA,NA,NA,NA,NA,NA,NA,NA
"73","00186D167A",201,32,3.21175116862575,62,1.96907146833234,98,1.34398485173357,NA,NA,NA,NA,NA,NA
"74","00186D167A",201,32,3.21175116862575,62,1.96907146833234,98,1.37156683329671,NA,NA,NA,NA,NA,NA
"75","00186D167B",201,32,2.7857507075342,62,1.97575278960194,98,1.97807794082663,133,1.88881004733656,161,1.83035350856475,NA,NA
"76","00186D167C",151,32,3.37732354296283,62,3.33220958649156,98,2.72950229331597,133,2.30581523816649,161,2.06820052252732,244,1.73089938882212
"77","00186D167D",152,32,3.08877103879339,62,2.88254861309738,98,2.51544810346849,133,2.30793692212292,161,2.13189985448967,NA,NA
"78","00186D167E",201,32,2.46318909555943,62,2.31903862793785,98,2.25907428890189,133,2.16270856708636,161,1.96265372369706,244,1.53828229477535
"79","00186D167F",151,32,3.13080711036935,62,2.89393841619527,98,2.45518346916365,NA,NA,NA,NA,NA,NA
"80","00186D1680",202,32,2.24431930119804,62,0.67467510844399,98,1.27114837018349,133,0.98643729493122,161,1.08955245906743,244,1.04787047479358
"81","00186D1681",201,32,1.6091394922277,62,1.57740520689666,98,1.60265034389628,133,1.63692556004031,161,1.53007176120432,244,1.20670601245216
"82","00186D1682",152,32,2.60587534192998,62,2.97759612333377,98,2.76226831600104,133,2.52473145057144,161,2.24779658094796,244,1.88848206421346
"83","00186D1683",152,32,3.16959751571222,62,2.89209956301837,98,2.42837881355307,133,2.12348336854551,161,1.97635891623837,244,1.77515821525223
"84","00186D1684",202,32,4.58671933897847,62,0.691807841163405,98,0.953018655214932,133,0.878384837574697,161,0.737970609995608,244,0.615263055502768
"85","00186D1684",202,32,1.73375280867012,62,0.691807841163405,98,0.953018655214932,133,0.878384837574697,161,0.737970609995608,244,0.615263055502768
"86","00186D1685",201,32,2.43265876138286,62,1.72912473094953,98,1.94091673972712,133,1.86548633149133,161,1.77533484125099,244,1.34842306880816
"87","00186D1686",202,32,3.42875186768685,62,2.13525356232713,NA,NA,NA,NA,NA,NA,NA,NA
"88","00186D1687",202,32,1.81427452121228,62,1.93323290933092,98,1.94598996304647,NA,NA,NA,NA,NA,NA
"89","00186D1687",202,32,1.81427452121228,62,1.93323290933092,98,2.0380023039446,NA,NA,NA,NA,NA,NA
"90","00186D1688",151,32,1.96445135440793,62,2.45559639746744,98,2.53174336777082,133,2.2567270057519,161,2.18045875047095,244,1.82681210050215
"91","00186D1689",202,32,2.33176703560192,62,2.01962536270119,98,2.17375297070868,NA,NA,NA,NA,NA,NA
"92","00186D1689",202,32,2.33176703560192,62,2.01962536270119,98,2.0960751494874,NA,NA,NA,NA,NA,NA
"93","00186D168A",202,32,2.08837794339829,62,1.48886304429763,98,1.95794162241654,133,2.06968294514851,161,2.01145128184574,244,1.70372827070844
"94","00186D168B",152,32,2.74801954905775,62,2.62985368435884,98,2.22801295271962,133,2.07861756076171,161,1.99606657374287,244,1.73638615823646
"95","00186D168C",151,32,2.92548056062416,62,3.08557046403202,98,2.6440208220057,NA,NA,NA,NA,NA,NA
"96","00186D168D",201,32,2.78350532497134,62,2.11772997710025,98,2.06436671496102,NA,NA,NA,NA,NA,NA
"97","00186D168D",201,32,2.78350532497134,62,2.11772997710025,98,2.13485570914391,NA,NA,NA,NA,NA,NA
"98","00186D168E",151,32,3.03983412891338,62,2.84072902978734,98,2.62857183710381,133,2.42286202419879,161,2.28747130932223,NA,NA
"99","00186D168F",152,32,2.01720083619954,NA,NA,NA,NA,NA,NA,NA,NA,NA,NA
"100","00186D1690",151,32,2.96849868708196,62,3.16439224705585,98,2.57239120614894,133,2.3754168532699,161,2.28675706114068,244,1.92487070106966
"101","00186D1691",152,32,2.56653964664324,62,2.76607439431258,98,2.50713469788373,133,2.30497807482388,161,2.07735881259814,244,1.67752601675544
"102","00186D1692",151,32,2.36898964192929,62,2.61707202130332,98,2.1495501834033,NA,NA,NA,NA,244,1.77982752750696
"103","00186D1693",201,32,2.18971486541166,NA,NA,NA,NA,NA,NA,NA,NA,NA,NA
"104","00186D1694",202,32,3.25337777967607,62,2.84072902978734,98,2.55234885013185,133,2.28346256073808,161,2.09287447649282,NA,NA
"105","00186D1695",151,32,2.49453483760647,62,2.52748116930888,98,2.11146501871859,133,1.96473910137707,161,1.96659965959352,244,1.70884898200243
"106","00186D1696",201,32,2.823414013022,62,1.9505589297542,98,1.8771262384176,133,1.76055238941757,161,1.73206247037949,244,1.35605246515365
"107","00186D1697",151,32,2.71575423788097,62,3.00935971275973,98,2.69138661113635,133,2.44973211146466,161,2.26630409081756,244,1.82497671881092
"108","00186D1698",152,32,2.65439656524664,62,3.31705596271683,98,3.2251336231746,NA,NA,NA,NA,NA,NA
"109","00186D1699",152,32,2.2648854627046,62,2.73674122572782,98,2.59671940971771,NA,NA,NA,NA,NA,NA
"110","00186D1699",152,32,2.2648854627046,62,2.73674122572782,98,2.58452304179064,NA,NA,NA,NA,NA,NA
"111","00186D169A",152,32,2.90479818648632,62,3.15835270102758,98,2.85304379046376,133,2.4854851189724,161,2.30463881689786,244,1.91738043236367
"112","00186D169B",151,32,3.55213757890365,62,3.39919407521758,98,2.76629371484935,133,2.68306724242848,161,2.39412825779557,244,2.01223341791834
"113","00186D169C",152,32,2.90479818648632,62,3.20018352828537,98,2.78777047674232,NA,NA,NA,NA,NA,NA
"114","00186D169C",152,32,2.90479818648632,62,3.20018352828537,98,2.81574540188811,NA,NA,NA,NA,NA,NA
"115","00186D169D",151,32,3.83408992430587,62,3.21974517335128,98,2.7042448938569,133,2.44147178904799,161,2.28731265645188,244,1.95757526546454
"116","00186D169E",152,32,3.36083645926688,62,3.24445856052067,98,2.88520295541967,133,2.63328257251274,161,2.41587324415766,244,1.91633425919173
"117","00186D169F",151,32,2.54271178937517,62,2.69479706308235,98,2.39123442449694,133,2.14399782296266,161,2.00229607612286,NA,NA
"118","00186D16A0",201,32,2.56653964664324,62,2.37729367879087,98,2.12260962317583,NA,NA,NA,NA,NA,NA
"119","00186D16A0",201,32,2.56653964664324,62,2.37729367879087,98,2.10020116571663,NA,NA,NA,NA,NA,NA
"120","00186D16A1",202,32,2.37779066107073,62,0.797479977603688,98,0.465094710418978,133,0.881252496480656,161,1.04871689620925,244,1.1708664242664
"121","00186D16A2",151,32,2.38349877167774,62,2.99989322024201,98,2.82205364547916,133,2.56523086682079,161,2.37100147101013,244,1.89364270233428
"122","00186D16A3",152,32,3.05450487885108,62,3.07114896816871,98,2.82490866545957,133,2.60362323380803,161,2.42150696326693,244,1.97071088920031
"123","00186D16A4",151,32,2.9654928777854,62,3.05897060108491,98,2.80351401059626,133,2.51714575686941,161,2.31388571149447,244,1.78335194634847
"124","00186D16A5",202,32,1.96962839859378,NA,NA,NA,NA,NA,NA,NA,NA,NA,NA
"125","00186D16A6",152,32,1.72904650693906,62,2.2452087040586,98,2.17905666866762,133,2.0207456008309,161,1.8865839936554,244,1.59820830676971
"126","00186D16A7",201,32,3.15700432333301,62,2.70186071838752,98,2.49447154751741,133,2.27370494329453,161,1.96250710766379,244,1.56438536166523
"127","00186D16A8",151,32,2.59875808618619,62,2.70346196987785,98,2.17949744047052,133,2.01642202328078,161,2.05526285310071,244,1.6902690182657
"128","00186D16A9",201,32,1.8538068771883,62,2.26114356012683,98,2.23201742374142,133,2.15983466277547,161,1.92536637296818,244,1.50198206112278
"129","00186D16AA",152,32,3.42875186768685,62,3.1953156080327,98,2.83625246932011,NA,NA,NA,NA,NA,NA
"130","00186D16AA",152,32,3.42875186768685,62,3.1953156080327,98,2.75775116605455,NA,NA,NA,NA,NA,NA
"131","00186D16AB",151,32,3.33035002536772,62,3.21608021855624,98,2.94407760877204,NA,NA,NA,NA,NA,NA
"132","00186D16AB",151,32,3.33035002536772,62,3.21608021855624,98,2.8618268180002,NA,NA,NA,NA,NA,NA
"133","00186D16AC",201,32,1.39030341330622,62,0.772198567328863,98,3.27138451224349,NA,NA,NA,NA,NA,NA
"134","00186D16AD",151,32,3.13080711036935,62,3.13341836290217,NA,NA,NA,NA,NA,NA,NA,NA
"135","00186D16AE",152,32,3.49277670798647,62,3.85537437901835,98,3.43965617242099,133,3.03564708937172,161,2.68242661554967,244,2.12047383927785
"136","00186D16AF",151,32,4.31424825709195,62,3.78367193526972,98,3.15996272178574,133,2.88771606461111,161,2.65545752365399,NA,NA
"137","00186D16B0",152,32,1.2751399143162,62,1.54734743088145,98,1.76330316058395,NA,NA,NA,NA,NA,NA
"138","00186D16B0",152,32,1.2751399143162,62,1.54734743088145,98,1.82125346112734,NA,NA,NA,NA,NA,NA
"139","00186D16B1",202,32,1.74018209343303,62,1.20794790930432,98,1.18028406968835,133,1.73006415249606,161,1.72016805298876,244,1.4813131845534
"140","00186D16B2",202,32,2.53903068359895,62,1.98597988585385,98,2.0054672154046,133,1.98702823670147,161,1.90667769167661,244,1.56732974321716
"141","00186D16B3",151,32,2.7337181795458,62,2.84805427810941,98,2.57768600922623,NA,NA,NA,NA,NA,NA
"142","00186D16B3",151,32,2.7337181795458,62,2.84805427810941,98,2.54518199178273,NA,NA,NA,NA,NA,NA
"143","00186D16B4",151,NA,NA,NA,NA,NA,NA,NA,NA,NA,NA,NA,NA
"144","00186D16B5",201,32,1.7092059977676,62,1.33818990603938,98,1.9505258577041,133,2.10461216901263,161,2.00817053267033,NA,NA
"145","00186D16B6",152,32,3.75197080318777,62,3.22196645788773,98,2.76111538714126,133,2.45412138395906,161,2.22895438786122,244,1.88323964943795
"146","00186D16B7",151,32,3.03100049706526,62,3.21194763349679,98,2.95463732204262,133,2.78887271964556,161,2.5825482741435,244,2.08195858189832
"147","00186D16B8",152,32,2.90479818648632,62,2.98167210535554,98,2.28826281420611,133,2.07764787679534,161,1.63183659450157,244,1.63399876936818
"148","00186D16B9",202,32,2.79201425045448,62,2.18849800575842,98,2.12642539790153,133,2.06751075841949,161,1.92338794626428,NA,NA
"149","00186D16BA",202,32,3.39330440516858,62,2.61979140977264,98,2.22435927350968,NA,NA,NA,NA,NA,NA
"150","00186D16BA",202,32,3.39330440516858,62,2.61979140977264,98,2.26386960602194,NA,NA,NA,NA,NA,NA
"151","00186D16BB",202,32,3.61046195923336,62,3.16171066680633,98,2.59671940971771,133,2.353250432843,161,2.11472686114824,NA,NA
"152","00186D16BC",201,32,2.2648854627046,NA,NA,NA,NA,NA,NA,NA,NA,NA,NA
"153","00186D16BD",201,32,2.58198760778205,62,1.29268942690708,98,1.28009582620292,133,1.6082854880521,161,1.65071022617742,NA,NA
"154","00186D16BE",152,32,3.27873794391862,62,2.95324986878258,98,2.69138661113635,133,2.46730773635737,161,2.2870135497469,244,1.84529331143579
"155","00186D16BF",152,32,2.12250441851258,62,2.07987187681418,98,1.90134631057148,133,1.79272929319592,161,1.6277634865665,244,1.46728210182279
"156","00186D16C0",202,32,2.36252062082321,62,1.07831477994562,98,1.66730587958643,133,1.78367208906622,161,1.66997479573723,244,1.45299711627664
"157","00186D16C1",152,32,2.06454304264765,NA,NA,NA,NA,NA,NA,NA,NA,NA,NA
"158","00186D16C3",152,32,2.23923837419879,NA,NA,NA,NA,NA,NA,NA,NA,NA,NA
"159","00186D16C4",152,32,2.93042521728919,62,2.93209842725104,98,2.7083267814892,133,2.43855977921814,161,2.16718086457444,244,1.74213209780452
"160","00186D16C5",202,32,2.33176703560192,62,1.45883146879899,98,1.86849947938097,133,1.7736686373389,161,1.68465470030508,244,1.4852298347301
"161","00186D16C6",151,32,3.17637807734379,62,2.8985634548141,98,2.47701249635111,133,2.23530824975324,161,2.11263756532596,244,1.81875961345681
"162","00186D16C7",201,32,1.87060477329266,NA,NA,NA,NA,NA,NA,NA,NA,NA,NA
"163","00186D16C8",152,32,2.06454304264765,62,1.70135704310959,98,1.42463869673273,133,1.22907479609855,161,1.14281609175031,NA,NA
"164","00186D16C9",202,32,2.82670799911893,62,2.19383501405044,98,2.48459022851304,133,2.30370385216174,161,2.10381666387829,NA,NA
"165","00186D16CA",152,32,2.78350532497134,62,2.94231555199129,98,2.66960287126221,NA,NA,NA,NA,NA,NA
"166","00186D16CA",152,32,2.78350532497134,62,2.94231555199129,98,2.53189531651186,NA,NA,NA,NA,NA,NA
"167","00186D16CB",201,32,1.8538068771883,62,0.952551170809612,NA,NA,NA,NA,NA,NA,NA,NA
"168","00186D16CC",151,32,2.94740067104775,62,3.14010355399161,98,2.57960483812589,NA,NA,NA,NA,NA,NA
"169","00186D16CC",151,32,2.94740067104775,62,3.14010355399161,98,2.59671940971771,NA,NA,NA,NA,NA,NA
"170","00186D16CD",152,32,2.62229888725711,62,2.88034169942242,98,2.69952578073533,133,2.46419171817469,161,2.17961015022692,244,1.68646239204033
"171","00186D16CE",202,32,3.55948404990567,62,2.47839253064075,98,2.49468797029289,133,2.36216443214459,161,2.23511773137841,244,1.80190658356492
"172","00186D16CF",201,32,1.23583215542762,NA,NA,NA,NA,NA,NA,NA,NA,NA,NA
"173","00186D16D0",202,32,2.09442601404541,62,1.65374194359276,98,1.90456061314845,NA,NA,NA,NA,NA,NA
"174","00186D16D0",202,32,2.09442601404541,62,1.65374194359276,98,1.89488804940152,NA,NA,NA,NA,NA,NA
"175","00186D16D1",201,32,2.33610910763933,NA,NA,NA,NA,NA,NA,NA,NA,NA,NA
"176","00186D16D2",201,32,2.57970356677024,62,2.01480708994322,98,2.03264919810051,133,1.99795981300976,161,1.83822790299035,244,1.60177288647823
"177","00186D16D3",201,32,1.89148211102932,NA,NA,NA,NA,NA,NA,NA,NA,NA,NA
"178","00186D16D4",152,32,3.82108544953839,62,3.56990824286234,98,2.90822384867953,NA,NA,NA,NA,NA,NA
"179","00186D16D5",202,32,2.08837794339829,62,1.68184736552059,98,1.89792030359552,133,1.70710795338931,161,1.55539252488439,244,1.47513812037503
"180","00186D16D6",152,NA,NA,NA,NA,NA,NA,NA,NA,NA,NA,NA,NA
"181","00186D16D6",201,NA,NA,NA,NA,NA,NA,NA,NA,NA,NA,NA,NA
"182","00186D16D7",202,32,2.6430683384556,62,1.9026660583138,98,2.22626712121254,NA,NA,NA,NA,NA,NA
"183","00186D16D7",202,32,2.6430683384556,62,1.9026660583138,98,2.21573095670016,NA,NA,NA,NA,NA,NA
"184","00186D16D8",151,32,2.26315662811682,NA,NA,NA,NA,NA,NA,NA,NA,NA,NA
"185","00186D16D9",202,32,2.81982987914731,62,2.18785228728853,98,2.18892020335775,133,2.02752939034307,161,1.81452127269701,244,1.30949320853408
"186","00186D16DA",202,32,2.75295568029477,NA,NA,NA,NA,NA,NA,NA,NA,NA,NA
"187","00186D16DB",152,32,3.49277670798647,62,3.60745555722939,98,3.02208232167542,133,2.80513473070061,161,2.55133461478227,NA,NA
"188","00186D16DC",202,32,2.66675936689458,62,1.66615439182556,98,1.61041668254642,133,1.59263774682041,161,1.4733387805721,244,1.2990923120858
"189","00186D16DD",151,32,3.61725720435229,62,3.44721533110179,98,2.8500998731479,133,2.60078625295739,161,2.41059298130268,244,2.05512245360777
"190","00186D16DE",201,32,2.39167147607886,62,1.88030637922709,98,1.65584318832235,133,1.88313316715409,161,1.66240328598077,244,1.38835793845697
"191","00186D16DF",202,32,2.50664503513851,NA,NA,NA,NA,NA,NA,NA,NA,NA,NA
"192","00186D16E0",201,32,2.18971486541166,62,2.05346652886698,98,2.22378121710385,133,2.34018379469898,161,2.22323319531412,NA,NA
"193","00186D16E1",152,32,2.823414013022,62,2.73025592620846,98,2.42213905947859,133,2.2075974101174,161,2.118957332,244,1.84594152021822
"194","00186D16E2",151,32,3.41195034321142,62,3.37964436394071,98,3.01044350130983,133,2.72060182747338,161,2.50199403639124,244,2.05086043691516
"195","00186D16E3",201,32,2.56653964664324,62,1.91924157751102,98,1.52332750093975,133,1.96473910137707,161,1.9748074427979,244,1.56768967431238
"196","00186D16E4",202,32,2.63701073281273,62,1.32860389834737,98,1.85662623389762,NA,NA,NA,NA,NA,NA
"197","00186D16E5",201,32,1.58462274862761,62,1.8497261588984,98,1.75475696049667,133,1.82195179869786,161,1.74155927757711,244,1.41783727557112
"198","00186D16E6",151,32,3.36600876934889,62,3.5119828335572,98,3.15155301175165,NA,NA,NA,NA,NA,NA
"199","00186D16E6",151,32,3.36600876934889,62,3.5119828335572,98,1.89712809734379,NA,NA,NA,NA,NA,NA
"200","00186D16E6",151,32,3.36600876934889,62,3.5119828335572,98,3.19514907573948,NA,NA,NA,NA,NA,NA
"201","00186D16E7",201,32,2.32016017581933,62,-100,98,1.62068303735516,133,1.62954231754742,161,1.55539252488439,244,1.26210753286402
"202","00186D16E8",202,32,2.54953727947527,NA,NA,NA,NA,NA,NA,NA,NA,NA,NA
"203","00186D16E9",201,32,3.19897821077253,62,2.8330005781313,98,2.61983881712309,133,2.46695505630572,161,2.16465813435363,244,1.60742681446999
"204","00186D16EA",201,32,2.04126444857464,62,1.71140254589917,98,1.95705731922036,133,2.04528370661292,161,1.97530150322194,244,1.60117735558343
"205","00186D16EB",201,32,2.65895665292777,62,2.12559215701504,98,2.13767144817276,133,2.04341767223455,161,1.88309839268175,244,1.39335953719992
"206","00186D16EC",151,32,2.52673065883164,62,2.80440734941896,98,2.69138661113635,133,2.48650614919432,161,2.26527843057525,244,1.77010900082923
"207","00186D16ED",202,32,-0.168817409305166,NA,NA,NA,NA,NA,NA,NA,NA,NA,NA
"208","00186D16EE",201,32,2.70785818483983,62,2.67400766836741,NA,NA,NA,NA,NA,NA,NA,NA
"209","00186D16EF",152,32,3.11254897410373,62,3.16840666199343,98,2.61773039898345,133,2.33063125756006,161,2.22524949798046,244,1.97295947286313
"210","00186D16F0",201,32,3.09863081129855,62,2.79293295715193,98,2.55594029856108,133,2.15619673055436,161,1.82466183987022,244,1.47185454740792
"211","00186D16F1",201,32,2.4762859616422,62,2.07027201214018,98,2.07730525577325,133,1.90560978197079,NA,NA,NA,NA
"212","00186D16F2",152,32,2.24832833261339,NA,NA,NA,NA,NA,NA,NA,NA,NA,NA
"213","00186D16F3",152,32,1.96445135440793,62,2.52107179166443,98,2.57593859284992,133,2.54577808097123,161,2.37761135648691,244,1.93248316731454
"214","00186D16F4",151,32,3.17901123629605,62,3.33985505952177,98,3.12433446793028,133,2.80702895409302,161,2.59714687683421,244,2.0462426890892
"215","00186D16F5",151,32,3.24417228350986,62,3.06507075712572,98,2.54353026139893,133,2.21805359160754,161,2.05502077447703,NA,NA
"216","00186D16F6",151,32,2.87077413048682,62,3.15037292532538,98,2.95256382098545,NA,NA,NA,NA,NA,NA
"217","00186D16F6",151,32,2.87077413048682,62,3.15037292532538,98,2.92342947434032,NA,NA,NA,NA,NA,NA
"218","00186D16F7",151,32,1.69862945747088,NA,NA,NA,NA,NA,NA,NA,NA,NA,NA
"219","00186D16F8",202,32,2.42664762973561,62,0.852147533085268,NA,NA,NA,NA,NA,NA,NA,NA
"220","00186D16F9",151,32,2.81162299997382,62,2.67649610226866,98,2.29598514671405,133,2.10824561134866,161,2.03727400223623,244,1.68566747922094
"221","00186D16FA",152,32,3.15258542292989,62,3.10300348395158,98,2.68749847511902,133,2.43417117340385,161,2.25513888565732,244,1.83719000288252
"222","00186D16FB",202,32,2.06926486549073,NA,NA,NA,NA,NA,NA,NA,NA,NA,NA
"223","00186D16FC",151,32,2.78931378098033,62,2.93209842725104,98,2.55772826808707,133,2.42953440860634,161,2.38250514975493,NA,NA
"224","00186D16FD",202,NA,NA,NA,NA,NA,NA,NA,NA,NA,NA,NA,NA
"225","00186D16FE",152,32,2.09442601404541,62,2.59044700351658,98,2.30095198522324,133,2.1287905376725,161,2.0253578048141,244,1.79523175898215
"226","00186D16FF",201,32,2.44564548710282,62,2.21468982266082,98,2.26092769862161,133,2.12757071047822,161,1.96965191801262,244,1.66793984098492
"227","00186D1700",151,32,2.98423471576443,62,3.26105228776106,98,3.02916168753062,133,2.75477283636199,161,2.54718507616885,244,2.07685574811876
"228","00186D1701",152,32,2.35088916428088,NA,NA,NA,NA,NA,NA,NA,NA,NA,NA
"229","00186D1702",151,32,3.01972362892933,62,3.06507075712572,98,2.67717895206825,133,2.38400062317083,161,2.1946229136419,244,1.80496254169702
"230","00186D1703",202,32,2.68317164137559,62,0.961143994182057,98,0.847117469104286,133,1.34411026455643,161,1.03953229437288,244,1.17483133300853
"231","0018729399",202,32,2.18971486541166,NA,NA,NA,NA,NA,NA,NA,NA,NA,NA
"232","001872939A",151,32,1.1041698468427,NA,NA,NA,NA,NA,NA,NA,NA,NA,NA
"233","001872939C",201,32,2.18971486541166,62,0.797479977603688,98,0.901230169786449,133,1.07325006833972,161,1.19099291639813,NA,NA
"234","001872939D",202,32,1.67203794948929,62,1.45579827366875,98,1.14439828574278,133,1.40549831848638,161,1.48895508264257,244,1.35058168592668
"235","001872939E",201,32,2.97961420508004,NA,NA,NA,NA,NA,NA,NA,NA,NA,NA
"236","00187293A0",201,32,1.65418974355971,62,2.09620174191694,98,1.81162106099122,133,1.84534707382695,NA,NA,NA,NA
"237","00187293A1",152,32,2.27491350468274,62,2.67400766836741,98,2.50239756087742,133,2.40693566646135,161,2.2521724352685,NA,NA
"238","00187293A2",202,32,2.63701073281273,62,2.19812194035049,98,2.17029119114587,133,1.83648539373664,161,1.72102126707627,244,1.15804860793856
"239","00187293A4",152,32,2.88254600604771,62,2.83388024077593,98,2.44371306077862,NA,NA,NA,NA,NA,NA
"240","00187293A4",152,32,2.88254600604771,62,2.83388024077593,98,2.49971291413869,NA,NA,NA,NA,NA,NA
"241","00187293A7",152,32,2.53587218619478,62,2.41846651655386,98,2.12955489679498,133,1.914558847723,161,1.80237506709369,NA,NA
"242","00187293A8",201,32,3.04694096441689,62,2.60835796843495,98,2.26738909276452,133,2.00052837161995,161,1.60432640310038,NA,NA
"243","00187293AA",152,32,1.39934361411096,62,1.78774757171385,98,1.86572388274322,133,1.87563143412619,161,1.82261762915354,244,1.64980607839611
"244","00187293AC",151,32,3.49277670798647,62,3.41081657984659,98,2.98677603572306,133,2.6900087453039,161,2.47080374231057,244,1.86616220148104
"245","00187293AD",202,32,2.30591835952332,62,2.29141261811758,98,2.17779863884715,133,2.04169046058988,161,1.88627259196144,244,1.6115566206812
"246","00187293AE",151,32,2.87671646959047,62,3.0483088873114,98,2.50152476359786,NA,NA,NA,NA,NA,NA
"247","00187293B0",202,32,1.21599942677366,NA,NA,NA,NA,NA,NA,NA,NA,NA,NA
"248","00187293B2",152,32,2.68317164137559,62,2.79490555279158,98,2.69691643666066,133,2.40906980734177,161,2.25074363326248,NA,NA
"249","00187293B5",151,32,2.77360753628788,NA,NA,NA,NA,NA,NA,NA,NA,NA,NA
"250","00187293B6",201,32,2.56653964664324,62,2.0541488207549,98,2.05783729033777,133,2.02063103539949,161,1.83447404082107,244,1.41880901921816
"251","00187293B7",202,32,2.00734647425913,62,0.753409843446962,NA,NA,NA,NA,NA,NA,NA,NA
"252","00187293BA",152,32,2.76548730856034,62,2.83724803509258,98,2.24967297287626,133,1.99404568809263,161,1.85766299304486,244,1.60235307592342
"253","00187293BC",152,32,3.59550769121377,62,3.43750725541057,98,2.91310997853038,133,2.54852785282453,161,2.39073366580924,244,1.98704264930498
"254","00187293BD",151,NA,NA,NA,NA,NA,NA,NA,NA,NA,NA,NA,NA
"255","00187293BE",201,32,2.31342171238567,62,2.17200540206677,98,2.14797407275913,133,1.96108988327817,161,1.80028160203789,244,1.46964927722899
"256","00187293C0",202,32,2.18971486541166,62,1.41847157172243,98,1.58819142100171,133,1.59806090460659,161,1.55261990404698,244,1.33143388738812
"257","00187293C1",202,32,2.39167147607886,62,1.44560321499629,98,0.687216152915293,133,0.684707197379875,NA,NA,NA,NA
"258","00187293C2",201,32,3.24417228350986,62,2.80440734941896,98,2.61773039898345,133,2.40117002199947,161,2.17761779960368,NA,NA
"259","00187293C3",202,32,2.13605662576177,NA,NA,NA,NA,NA,NA,NA,NA,NA,NA
"260","00187293C5",151,32,1.99629773897612,62,2.51918201953427,98,2.5394384172247,133,2.40208065135765,161,2.23551639329547,NA,NA
"261","00187293C7",152,32,3.28232075635893,62,3.03367679137698,98,2.70078505299047,133,2.38371217609303,161,2.16841869357314,244,1.68190524143164
"262","00187293CA",151,32,2.24431930119804,62,2.44925297907423,98,2.2431223950375,133,2.14052204822335,161,2.095927304766,NA,NA
"263","00187293CC",151,32,2.51213504237418,62,2.53704964083379,98,2.23889860134432,133,2.03178877032164,161,1.91716837445359,244,1.61418565537506
"264","00187293CE",152,32,2.9579664321306,62,3.05438098625546,98,2.83342787783332,133,2.50903225979489,161,2.2492718059163,NA,NA
"265","00187293CF",151,32,2.5748114799039,62,2.62213684992809,98,2.26198225579519,133,2.09416084991607,161,1.93104560814372,NA,NA
"266","00187293D0",202,32,1.76418036318362,62,0.572879575553809,98,0.414596991409688,133,0.860397833077409,161,0.985557052619601,244,0.991334397974786
"267","00187293D3",201,32,1.68301351368747,62,0.748957733557765,98,3.23765870863897,NA,NA,NA,NA,NA,NA
"268","00187293D9",151,32,3.05278226508359,62,2.80538244116482,98,2.30095198522324,133,2.11913192815751,161,1.9054445249024,NA,NA
"269","00187293DB",201,32,2.33176703560192,62,1.83677011288617,98,1.83326577605256,133,1.61593410857246,161,1.5005224182538,244,1.20754684652287
"270","00187293DC",151,32,3.24417228350986,62,3.20149469783966,98,2.79795792185784,133,2.558191820567,161,2.37262353762215,244,1.95013571576723
"271","00187293DD",152,32,2.26859939188551,NA,NA,NA,NA,NA,NA,NA,NA,NA,NA
"272","00187293E3",202,32,2.99136288858155,62,2.614737612963,98,2.38920159053113,NA,NA,NA,NA,NA,NA
"273","00187293E3",202,32,2.99136288858155,62,2.614737612963,98,2.30110213093095,NA,NA,NA,NA,NA,NA
"274","00187293E5",202,32,2.02025309609517,62,0.94630081170326,98,0.858147676463417,133,1.08610022983149,161,0.99154894976996,244,1.10542484664793
"275","00187293E8",151,32,2.60317749452608,62,2.78253877447656,98,2.54983848503549,133,2.41050801170626,161,2.25135167512307,244,1.86638172924549
"276","00187293EC",202,32,1.2385582756741,NA,NA,NA,NA,NA,NA,NA,NA,NA,NA
"277","00187293ED",201,32,1.23266700228808,62,1.2193354458923,98,1.54199552966485,NA,NA,NA,NA,NA,NA
"278","00187293ED",201,32,1.23266700228808,62,1.2193354458923,98,1.56033647545375,NA,NA,NA,NA,NA,NA
"279","00187293EE",152,32,2.94241689251606,62,3.04995958047538,98,2.6518472187995,NA,NA,NA,NA,NA,NA
"280","00187293F1",202,32,2.23258931392898,NA,NA,NA,NA,NA,NA,NA,NA,NA,NA
"281","00187293F2",151,32,1.2751399143162,NA,NA,NA,NA,NA,NA,NA,NA,NA,NA
"282","00187293F4",202,32,0.980950980082396,NA,NA,NA,NA,NA,NA,NA,NA,NA,NA
"283","00187293F6",151,32,3.09993811610021,62,3.18833704730597,98,2.73882064595508,133,2.52579920031368,161,2.1839737122465,244,1.78970502073426
"284","00187293F7",202,32,2.28802922261735,NA,NA,NA,NA,NA,NA,NA,NA,NA,NA
"285","00187293F8",151,32,2.32767515560173,62,2.42287759079882,98,2.18588087575369,133,2.01843754186142,161,1.9794279007519,244,1.65524145153875
"286","00187293FA",202,32,2.69746597439813,62,2.3119101089228,98,2.2115864844368,133,2.22451772638852,161,2.0905508014037,NA,NA
"287","00187293FB",151,NA,NA,NA,NA,NA,NA,NA,NA,NA,NA,NA,NA
"288","00187293FC",201,32,3.11254897410373,62,2.69744940805958,98,2.61077300328232,133,2.41962756921439,161,2.24111559753077,NA,NA
"289","0018729461",201,32,1.50995218371923,NA,NA,NA,NA,NA,NA,NA,NA,NA,NA
"290","0018729463",201,32,1.92743054326894,62,1.20794790930432,98,1.32468449290231,133,1.64767869190654,161,1.57714800479651,244,1.47460016145706
"291","0018729464",202,32,2.36898964192929,62,1.41154345494001,98,1.57284842378522,133,1.51862901164319,161,1.51361241118981,244,1.35635098781786
"292","0018729465",152,32,2.62348775304133,62,3.27066802475229,98,2.9781079469382,133,2.60830670322059,161,2.37873463011318,244,1.90917705299607
"293","0018729467",202,32,2.95390665491486,NA,NA,NA,NA,NA,NA,NA,NA,NA,NA
"294","0018729469",201,32,2.73998262362902,62,2.19097095674567,98,2.08881547101047,133,1.93236640142289,161,1.82880140509247,244,1.44436005303692
"295","001872946A",201,32,3.05450487885108,62,2.29996149960312,98,1.96210048889225,NA,NA,NA,NA,NA,NA
"296","001872946A",201,32,3.05450487885108,62,2.29996149960312,98,1.90524811463657,NA,NA,NA,NA,NA,NA
"297","001872946B",202,32,2.46795759855016,62,2.24229511182967,98,2.35338305248312,NA,NA,NA,NA,NA,NA
"298","001872946B",202,32,2.46795759855016,62,2.24229511182967,98,2.17949744047052,NA,NA,NA,NA,NA,NA
"299","001872946C",151,32,3.04694096441689,62,2.88686864361163,98,2.4267720809672,NA,NA,NA,NA,NA,NA
"300","001872946D",202,32,1.57156865694841,62,1.52693974177507,98,1.91890450451506,133,1.93501379169765,161,1.84370837911167,244,1.56409768546872
"301","001872946E",152,32,2.43898300328491,62,2.58450962829491,98,2.2705182128046,NA,NA,NA,NA,NA,NA
"302","001872946F",151,32,2.03402567950237,62,2.481624014288,98,2.18113298006493,133,2.10424559267868,161,2.11869912787017,244,1.78361789817769
"303","0018729470",151,32,1.64522907917761,62,2.28454199461166,98,2.09110248460793,133,2.06427219969927,161,1.98367727612945,244,1.7196270380375
"304","0018729471",202,32,3.08646090029432,62,2.24778910996617,98,2.1487454753859,133,2.01460168705572,161,1.89821425873886,244,1.544582293008
"305","0018729472",152,32,3.32071918229742,62,2.88217609251187,98,2.43828635774932,NA,NA,NA,NA,NA,NA
"306","0018729473",202,32,1.51439201002481,62,1.30582793890173,98,1.631147295003,133,1.80272773900756,161,1.68499860598974,244,1.36082074489388
"307","0018729474",201,32,1.56346141156192,62,1.74819339611771,98,1.90524811463657,133,1.98224390900998,161,1.84328727515106,244,1.51316903556884
"308","0018729475",201,32,3.46351232731303,62,3.18833704730597,98,2.74954807610217,133,2.40429124364991,161,2.19445725396967,NA,NA
"309","0018729478",202,32,2.86164182605724,62,2.45151116257183,98,1.95122195344091,133,1.9380227373111,161,1.73173069030674,NA,NA
"310","001872947A",201,32,1.8538068771883,NA,NA,NA,NA,NA,NA,NA,NA,NA,NA
"311","001872947B",202,32,2.53903068359895,NA,NA,NA,NA,NA,NA,NA,NA,NA,NA
"312","001872947C",152,32,2.28802922261735,NA,NA,NA,NA,NA,NA,NA,NA,NA,NA
"313","001872947D",151,32,2.72458506958442,62,2.67440380174482,98,2.25145804280253,133,2.08665132266046,161,2.034225904722,244,1.75534898242506
"314","001872947E",201,32,1.83903793795033,62,1.76478841840049,98,2.04796654210992,NA,NA,NA,NA,NA,NA
"315","001872947F",152,32,2.38349877167774,62,2.78774388035301,98,2.68163936354231,133,2.60302124115115,161,2.40133249758334,244,1.89256781192442
"316","0018729480",202,32,2.82130076160203,62,2.21830926037851,98,2.16440675048741,133,1.96073808667692,161,1.7122376853816,NA,NA
"317","0018729481",201,32,1.6091394922277,NA,NA,NA,NA,NA,NA,NA,NA,NA,NA
"318","0018729482",201,32,1.89961554048108,62,0.482601090037549,NA,NA,NA,NA,NA,NA,NA,NA
"319","0018729483",201,32,2.18971486541166,62,1.89803240985524,98,1.9740233831681,133,2.04410240794808,161,1.92756585511258,244,1.3949447173258
"320","0018729484",202,32,2.90479818648632,62,1.29369019945047,98,0.608689015882247,NA,NA,NA,NA,NA,NA
"321","0018729485",201,32,2.29448048961669,62,2.38049692422744,98,2.32382622658107,NA,NA,NA,NA,NA,NA
"322","0018729485",201,32,2.29448048961669,62,2.38049692422744,98,2.24788487494598,NA,NA,NA,NA,NA,NA
"323","0018729486",151,32,3.42470923385236,62,3.15835270102758,98,2.63150941353889,133,2.43023169203707,161,2.31569069305002,NA,NA
"324","0018729488",151,32,1.83731630250941,NA,NA,NA,NA,NA,NA,NA,NA,NA,NA
"325","0018729489",151,32,2.94740067104775,62,2.60763669245978,98,2.23600673722539,133,2.05014734783442,161,1.9209444941487,NA,NA
"326","001872948A",201,32,2.54953727947527,62,2.20117732852019,98,1.86959887672686,133,1.8889476956697,161,1.75555251972987,NA,NA
"327","001872948B",201,32,2.65140551313507,62,2.27530233774242,98,1.93111468369609,133,2.04095706857397,161,1.76759448863915,NA,NA
"328","001872948D",152,32,3.49277670798647,62,3.32866923467627,98,2.91565894286432,133,2.58231860229186,161,2.2507436332625,244,1.73576758724812
"329","001872948E",151,32,2.94740067104775,62,3.00431752187129,98,2.57960483812589,NA,NA,NA,NA,NA,NA
"330","001872948E",151,32,2.94740067104775,62,3.00431752187129,98,2.57768600922623,NA,NA,NA,NA,NA,NA
"331","001872948F",152,32,2.59019712669804,62,2.95044494637955,98,2.73448228194721,133,2.59539591428066,161,2.49266108276875,244,2.07810269486808
"332","0018729490",201,32,3.01972362892933,62,2.614737612963,98,2.56803928782359,133,2.31551591052734,161,2.13019307052056,NA,NA
"333","0018729491",151,32,3.04175138099354,62,3.13584358827688,98,2.81394328681912,NA,NA,NA,NA,NA,NA
"334","0018729491",151,32,3.04175138099354,62,3.13584358827688,98,2.77099974964492,NA,NA,NA,NA,NA,NA
"335","0018729492",152,32,2.13605662576177,62,2.13263668855126,98,1.9283594519981,133,1.82620806865048,161,1.78761062618147,244,1.91695753740448
"336","0018729492",152,32,2.13605662576177,62,2.13263668855126,98,1.9283594519981,133,1.82620806865048,161,1.78761062618147,244,1.57418684156496
"337","0018729493",152,32,2.58523064071909,62,2.6557894007573,98,2.40185322208026,133,2.16136537878111,161,1.93845078123447,244,1.6367396643507
"338","0018729495",152,32,2.99542927399563,62,3.14243185224969,98,2.72593076684453,133,2.65146479947733,161,2.54247618468593,NA,NA
"339","0018729496",201,32,2.76052617060469,62,2.09196863214844,98,1.93419734432341,133,1.65323960967498,161,1.50747353182712,244,1.246804870823
"340","0018729498",151,32,2.61702877186565,62,2.61401440098701,98,2.31066018198482,133,2.12682916171589,161,1.99606657374287,244,1.58577822571859
"341","0018729499",152,32,2.27724900170958,62,2.41428983400731,98,2.43389447637805,133,2.31957557617573,161,2.23987067629527,244,1.97913378632639
"342","001872949A",201,32,2.43265876138286,62,1.72912473094953,98,1.87214043953314,133,1.94414010499691,161,1.84916485167981,244,1.41377851244879
"343","001872949B",151,32,2.80321270248491,62,3.09045360960132,98,2.82338694510871,133,2.50903225979489,161,2.25465201436155,NA,NA
"344","001872949C",151,32,2.93042521728919,62,2.96497990361311,98,2.83760560479933,133,2.68595233098252,161,2.45447732417092,244,1.98299193301037
"345","001872949D",201,32,1.99861333696059,62,1.4964592454217,98,1.5276987083674,133,1.43485198955331,161,1.31442135953288,244,1.18947371851594
"346","001872949E",202,32,2.27059746944409,62,1.82932126348367,98,1.80439076971706,NA,NA,NA,NA,NA,NA
"347","001872949E",202,32,2.27059746944409,62,1.82932126348367,98,1.90554765403048,NA,NA,NA,NA,NA,NA
"348","001872949F",202,32,1.63787936845181,NA,NA,NA,NA,NA,NA,NA,NA,NA,NA
"349","00187294A0",152,32,3.56388419011886,62,3.47892667388119,98,3.20598902391214,133,2.78621234295444,161,2.50818501224419,NA,NA
"350","00187294A1",152,32,2.93847704025714,62,2.8952920790505,98,2.47450789390256,133,2.26369200109711,161,2.03588263489982,244,1.65610965799101
"351","00187294A2",151,32,2.38349877167774,62,2.44022525727128,98,2.17135016472056,133,2.07594799853386,161,2.02989616599811,NA,NA
"352","00187294A3",152,32,1.07109113177135,NA,NA,NA,NA,NA,NA,NA,NA,NA,NA
"353","00187294A4",201,32,2.36898964192929,NA,NA,NA,NA,NA,NA,NA,NA,NA,NA
"354","00187294A5",151,32,2.95654058935424,NA,NA,NA,NA,NA,NA,NA,NA,NA,NA
"355","00187294A6",151,32,2.95390665491486,62,2.95324986878258,98,2.9379721200752,133,2.7958891980794,161,2.66831095569142,244,2.2478143523994
"356","00187294A8",152,32,2.09979276832637,62,2.32849643803965,98,2.23467864311535,133,2.03684387128908,161,1.95890443710809,244,1.87147745873986
"357","00187294A9",152,32,2.54774246285268,62,2.55867083419856,98,2.26738909276452,133,2.11407315728882,161,1.90101868698462,244,1.51250740340447
"358","00187294AA",201,32,3.7327306965584,62,3.04528266313,98,2.75510877057925,133,2.37385022975738,161,2.15107950297455,NA,NA
"359","00187294AB",202,32,2.9876457501399,NA,NA,NA,NA,NA,NA,NA,NA,NA,NA
"360","00187294AC",202,32,1.65762964338432,62,1.2157774178237,98,1.24008689198174,133,1.10409752781881,161,0.969945711907849,244,0.890184051559939
"361","00187294AD",201,32,2.68317164137559,62,2.07987187681418,98,1.90134631057148,NA,NA,NA,NA,NA,NA
"362","00187294AD",201,32,2.68317164137559,62,2.07987187681418,98,1.9803878294935,NA,NA,NA,NA,NA,NA
"363","00187294AE",202,32,3.34584899870891,62,2.95954395229914,98,2.85193260435077,133,2.4487043663169,161,2.23406229193934,NA,NA
"364","00187294AF",151,32,3.0757292383375,62,2.98979466537981,98,2.51381285589782,NA,NA,NA,NA,NA,NA
"365","00187294B0",202,32,2.09979276832637,NA,NA,NA,NA,NA,NA,NA,NA,NA,NA
"366","00187294B3",151,32,2.23502252534502,62,2.80061305713832,98,2.75486779606058,133,2.52836411383777,161,2.26568889219825,NA,NA
"367","00187294B4",201,32,1.69862945747088,NA,NA,NA,NA,NA,NA,NA,NA,NA,NA
"368","00187294B5",151,32,2.08151000856474,62,2.31524052167085,98,2.10020116571663,133,2.08709875519368,161,2.1336058646293,244,1.86191239821523
"369","00187294B6",152,32,2.05943585633679,NA,NA,NA,NA,NA,NA,NA,NA,NA,NA
"370","00187294B7",202,32,2.04126444857464,62,0.885418955281025,NA,NA,NA,NA,NA,NA,NA,NA
"371","00187294B8",202,32,2.15322465799457,62,1.76268547052048,98,1.66989364518708,133,1.62004188740497,161,1.51469115000189,244,1.36061545070678
"372","00187294B8",202,32,2.15322465799457,62,1.76268547052048,98,1.66989364518708,133,1.62004188740497,161,1.51469115000189,244,1.7778133745707
"373","00187294B9",151,32,2.23774853834973,62,2.23596489973603,98,2.05819448750313,133,1.96141311060762,161,1.81359929342946,244,1.63713156378205
"374","00187294BA",151,32,2.50456023188745,62,2.82373629989199,98,2.66014985292762,133,2.56778285797739,161,2.38717654481464,NA,NA
"375","00187294BB",152,32,1.92743054326894,NA,NA,NA,NA,NA,NA,NA,NA,NA,NA
"376","00187294BC",201,32,2.29115237842248,62,2.46150895225665,98,2.51909454864303,133,2.39943392992725,161,2.09996568844466,NA,NA
"377","00187294BD",201,32,1.6091394922277,62,1.40902900436364,98,1.32111066591476,133,1.08312785728277,161,1.09368161178207,244,0.825244544441195
"378","00187294BE",202,32,1.68757584822317,NA,NA,NA,NA,NA,NA,NA,NA,NA,NA
"379","00187294BF",201,32,3.13368083559225,62,2.76377709830755,98,2.76438885341468,NA,NA,NA,NA,NA,NA
"380","00187294BF",201,32,3.13368083559225,62,2.76377709830755,98,2.77198783581616,NA,NA,NA,NA,NA,NA
"381","00187294C1",202,32,2.23377234926965,62,1.35640990513799,98,1.38807097944016,133,1.63692556004031,161,1.49089767959911,244,1.23359468894608
"382","00187294C2",151,32,0.925505118877146,NA,NA,NA,NA,NA,NA,NA,NA,NA,NA
"383","00187294C3",202,32,2.88089174631747,62,1.3759902434282,NA,NA,NA,NA,NA,NA,NA,NA
"384","00187294C4",152,32,2.10458719963631,62,2.40656863943938,98,2.05887094975437,133,1.93788314150452,161,1.76943626080048,NA,NA
"385","00187294C6",201,NA,NA,NA,NA,NA,NA,NA,NA,NA,NA,NA,NA
"386","00187294C7",151,32,2.6989411841974,62,2.6412311310182,98,2.50929433370541,133,2.36327872873876,161,2.20667514553707,244,1.80634079344346
"387","00187294C8",152,32,1.78574293756979,NA,NA,NA,NA,NA,NA,NA,NA,NA,NA
"388","00187294CC",202,32,3.68325073318514,NA,NA,NA,NA,NA,NA,NA,NA,NA,NA
"389","00187294CD",201,32,2.08505653767037,NA,NA,NA,NA,NA,NA,NA,NA,NA,NA
"390","00187294CE",152,32,3.42470923385236,62,3.49966212267148,98,3.13325714857309,133,2.84087785894629,161,2.57402176539743,NA,NA
"391","00187294D0",202,32,1.65264654735886,NA,NA,NA,NA,NA,NA,NA,NA,NA,NA
"392","00187294D1",151,32,1.94424058150848,NA,NA,NA,NA,NA,NA,NA,NA,NA,NA
"393","00187294D3",152,32,3.01029691921004,62,3.0218997150202,98,2.73365390828317,133,2.52473145057144,161,2.27761331078791,244,1.82525764514534
"394","00187294D5",151,32,1.6091394922277,NA,NA,NA,NA,NA,NA,NA,NA,NA,NA
"395","00187294D6",151,32,3.00482710258025,62,3.2737412372841,98,2.77198783581616,133,2.41660123223419,161,2.2404475729354,244,1.74012867250222
"396","00187294D7",151,32,0.922230070958685,NA,NA,NA,NA,NA,NA,NA,NA,NA,NA
"397","00187294D8",152,32,2.49453483760647,62,2.93209842725104,98,2.57383787456731,133,2.47994823233351,161,2.39725356177567,NA,NA
"398","00187294DA",152,32,1.98382340059085,62,2.18198908693359,98,2.05537827158742,133,1.86570192803681,161,1.70017996693717,244,1.53073220663085
"399","00187294DB",152,32,1.67203794948929,62,2.49192319075857,98,2.28463961439316,133,2.05186582739123,161,1.93266863947474,NA,NA
"400","00187294DC",201,32,2.18971486541166,62,1.90513209219776,98,1.48061075153145,133,1.6626181976408,NA,NA,NA,NA
"401","00187294DD",202,32,2.31670160223716,62,1.03365622682787,98,1.25822124944761,133,1.3283376047676,161,1.40724348026753,244,1.22683086784621
"402","00187294E0",151,32,3.44104215066023,62,3.38076758572585,98,2.97929000388455,133,2.7561342418156,161,2.59461538296515,244,2.11428652073615
"403","00187294E2",152,32,2.26150553128537,62,2.50494058488244,98,2.14455105227194,133,2.04054764239321,161,2.00071615079684,NA,NA
"404","00187294E5",152,32,2.69746597439813,62,2.85242460646207,98,2.5707613349593,133,2.39281077287508,161,2.23624662809732,244,1.79872108542263
"405","00187294E7",202,32,2.03651580240167,62,1.07248204255723,98,1.60944903333988,133,1.6918651006379,161,1.42651834231,244,1.23272580904523
"406","00187294E9",201,32,1.95333017266976,62,1.98998061929705,98,2.13520351297818,133,1.97007320849496,NA,NA,NA,NA
"407","00187294EA",201,32,3.31806288353007,62,2.51260098748165,98,2.16828179044735,133,2.05834351578329,161,1.82156293354943,244,1.40696203755222
"408","00187294ED",151,32,2.95390665491486,62,2.93209842725104,98,2.56803928782359,NA,NA,NA,NA,NA,NA
"409","00187294ED",151,32,2.95390665491486,62,2.93209842725104,98,2.60106351331044,NA,NA,NA,NA,NA,NA
"410","00187294F0",152,32,2.18971486541166,62,2.55287704408718,98,2.35338305248312,133,2.25131905444627,161,2.08816322119008,244,1.73929800349242
"411","00187294F1",202,32,2.58523064071909,62,1.50600514213028,98,1.88976122639948,133,1.98361969524503,161,1.7328475753916,244,1.65069512583116
"412","00187294F3",152,32,2.65140551313507,62,2.99760023146056,98,2.74995883687998,NA,NA,NA,NA,NA,NA
"413","00187294F3",152,32,2.65140551313507,62,2.99760023146056,98,2.81859765958905,NA,NA,NA,NA,NA,NA
"414","00187294F4",151,32,2.05763955704781,62,2.20447419496601,98,2.18598045208744,133,2.03881236858487,161,1.88830177846919,244,1.55446255682397
"415","00187294F6",202,32,1.83514031464034,62,1.77328385507998,98,2.06258373797616,NA,NA,NA,NA,NA,NA
"416","00187294F9",201,32,1.39695305033463,62,1.88162997287269,98,1.9236426129166,133,1.97951622980697,161,1.78832540681593,244,1.42007326582412
"417","00187294FA",201,32,2.3456416105317,62,1.0829662322053,NA,NA,NA,NA,NA,NA,NA,NA
"418","00187294FC",202,32,1.72904650693906,62,0.656119072959216,98,0.80419059427681,133,0.946377138001187,161,1.01897806605402,244,0.921875668484406
"419","00187294FD",201,32,2.3456416105317,62,1.78774757171385,98,2.06332472606623,133,2.02033308577692,161,1.89682826506394,244,1.43760330944667
"420","0018729504",202,32,2.35364768828812,62,1.69902205960091,98,2.25511269057037,NA,NA,NA,NA,NA,NA
"421","0018729504",202,32,2.35364768828812,62,1.69902205960091,98,2.23642578792256,NA,NA,NA,NA,NA,NA
"422","0018729505",151,32,2.30183795540593,NA,NA,NA,NA,NA,NA,NA,NA,NA,NA
"423","0018729507",151,32,3.29077393780195,62,3.17749505078535,98,2.74302930991854,NA,NA,NA,NA,NA,NA
"424","0018729509",201,32,2.03402567950237,62,2.09620174191694,98,2.12577224648611,133,2.02972684971512,NA,NA,NA,NA
"425","001872950C",201,32,2.27269940244554,62,0.894409346540748,98,1.26295807147598,133,1.61495799470679,161,1.72016805298876,244,1.45829038139107
"426","001872950E",201,32,2.2648854627046,62,2.11772997710025,98,2.18113298006493,NA,NA,NA,NA,NA,NA
"427","001872950E",201,32,2.2648854627046,62,2.11772997710025,98,2.22801295271962,NA,NA,NA,NA,NA,NA
"428","001872950F",152,32,2.88637127637661,62,3.0687203069617,98,2.74437255816322,133,2.42377284645883,161,2.17084703919788,244,1.75472794158631
"429","0018729510",151,32,2.95042289155458,62,2.80913823352511,98,2.33941159338724,133,2.29965493697362,161,2.22895438786122,244,1.87321644972505
"430","0018729514",152,32,2.7044245745441,62,2.60659616838224,98,2.57612159734111,133,2.37059149118664,161,2.12859195952799,244,1.69490492919149
"431","0018729516",151,32,2.18971486541166,NA,NA,NA,NA,NA,NA,NA,NA,NA,NA
"432","0018729517",202,32,1.43760557531964,62,0.627388162225739,98,0.883701700044703,133,1.17631646742129,161,1.47904783881385,244,1.41873088204403
"433","001872951A",201,32,2.74454651319243,62,2.40010207314159,98,2.23557618733821,NA,NA,NA,NA,NA,NA
"434","001872951A",201,32,2.74454651319243,62,2.40010207314159,98,2.31337800275659,NA,NA,NA,NA,NA,NA
"435","001872951B",152,32,2.58198760778205,62,2.61539766550858,98,2.38192892061753,133,2.29616352284341,161,2.14505116920787,244,1.76616274519397
"436","001872951D",152,32,2.82825697906104,NA,NA,NA,NA,NA,NA,NA,NA,NA,NA
"437","0018729520",202,32,1.79894217103211,62,1.48886304429763,98,1.72530353637486,NA,NA,NA,NA,NA,NA
"438","0018729520",202,32,1.79894217103211,62,1.48886304429763,98,1.65584318832235,NA,NA,NA,NA,NA,NA
"439","0018729521",151,32,2.42092690729887,62,2.67879463290031,98,2.65987414529534,133,2.55071275022496,161,2.38545412978315,244,1.94661825840889
"440","0018729522",152,32,2.28232643465269,62,2.65881454703416,98,2.46576909301299,133,2.23616813522574,161,2.01041250212151,244,1.65322827100409
"441","0018729523",152,32,3.12551667680077,62,2.69274076100392,98,2.05237205772795,NA,NA,NA,NA,NA,NA
"442","0018729526",152,32,3.39769151963869,62,3.20888661366949,98,2.77724212235833,133,2.52621661619132,161,2.38762510905757,244,1.93911408379421
"443","0018729527",202,32,0.841848741821827,62,1.06030188804844,98,1.48270484146722,133,1.69462329791394,161,1.59268798062402,NA,NA
"444","0018729547",152,32,4.30876510258968,62,4.15787164828199,98,3.52649546686703,NA,NA,NA,NA,NA,NA
"445","0018729574",152,32,3.02325176242235,62,2.72048090800496,98,2.39359463211728,133,2.1767245612663,161,1.95268064458418,244,1.52267126022869
