"","TAGNUMBER","TANK_Real","T1","LENGTH_1","WEIGHT_1","T2","LENGTH_2","WEIGHT_2","T3","LENGTH_3","WEIGHT_3","T4","LENGTH_4","WEIGHT_4","T5","LENGTH_5","WEIGHT_5","T6","LENGTH_6","WEIGHT_6","T7","LENGTH_7","WEIGHT_7","DATE"
"1","00186D163A",151,2021-07-29,57,2.1,2021-08-30,71,3.9,2021-09-29,94,9.3,2021-11-04,113,16.7,2021-12-09,140,30.3,2022-01-06,162,46.8,2022-03-30,225,141.4,2022-03-30
"2","00186D163B",201,2021-07-29,61,2.6,2021-08-30,79,5.9,2021-09-29,85,7,2021-11-04,99,10.9,2021-12-09,119,17.8,2022-01-06,134,27.9,2022-03-30,166,56.6,2022-03-30
"3","00186D163C",152,2021-07-29,69,3.9,2021-08-30,91,8.3,NA,NA,NA,NA,NA,NA,NA,NA,NA,NA,NA,NA,NA,NA,NA,NA
"4","00186D163D",201,2021-07-29,63,2.8,2021-08-30,76,5,2021-09-29,80,5.7,2021-11-04,100,12,NA,NA,NA,NA,NA,NA,NA,NA,NA,NA
"5","00186D163D",201,2021-07-29,63,2.8,2021-08-30,76,5,2021-09-29,80,5.7,2021-11-04,98,11.4,NA,NA,NA,NA,NA,NA,NA,NA,NA,NA
"6","00186D163E",152,2021-07-29,56,1.9,2021-08-30,69,4,NA,NA,NA,NA,NA,NA,NA,NA,NA,NA,NA,NA,NA,NA,NA,NA
"7","00186D163F",151,2021-07-29,69,3.9,2021-08-30,103,12.4,2021-09-29,140,31,2021-11-04,180,73,2021-12-09,219,129.1,2022-01-06,245,167.8,NA,NA,NA,NA
"8","00186D1640",202,2021-07-29,64,2.7,2021-08-30,95,9.7,2021-09-29,115,16.6,2021-11-04,151,44.2,2021-12-09,190,87.7,2022-01-06,209,114.9,NA,NA,NA,NA
"9","00186D1641",202,2021-07-29,70,3.9,2021-08-30,89,8,2021-09-29,94,8.7,2021-11-04,118,18,NA,NA,NA,NA,NA,NA,NA,NA,NA,NA
"10","00186D1641",202,2021-07-29,70,3.9,2021-08-30,89,8,2021-09-29,94,8.7,2021-11-04,119,18.4,NA,NA,NA,NA,NA,NA,NA,NA,NA,NA
"11","00186D1642",202,2021-07-29,63,2.7,2021-08-30,76,5.3,NA,NA,NA,NA,NA,NA,NA,NA,NA,NA,NA,NA,NA,NA,NA,NA
"12","00186D1643",152,2021-07-29,60,2.2,2021-08-30,81,5.7,2021-09-29,105,13.3,2021-11-04,130,25.2,2021-12-09,162,49.6,2022-01-06,187,73.9,NA,NA,NA,NA
"13","00186D1644",152,2021-07-29,55,1.6,2021-08-30,71,3.8,2021-09-29,97,9.5,2021-11-04,125,21.9,2021-12-09,154,41.3,2022-01-06,175,63.4,2022-03-30,225,145.6,2022-03-30
"14","00186D1645",202,2021-07-29,64,2.6,2021-08-30,81,6.9,2021-09-29,86,6.3,2021-11-04,91,9.1,2021-12-09,110,15.6,2022-01-06,109,15.2,2022-03-30,155,40.9,2022-03-30
"15","00186D1646",201,2021-07-29,65,2.9,2021-08-30,82,6.8,2021-09-29,96,10.2,2021-11-04,113,17.9,NA,NA,NA,NA,NA,NA,NA,NA,NA,NA
"16","00186D1646",201,2021-07-29,65,2.9,2021-08-30,82,6.8,2021-09-29,96,10.2,2021-11-04,115,18.1,NA,NA,NA,NA,NA,NA,NA,NA,NA,NA
"17","00186D1647",202,2021-07-29,57,1.8,2021-08-30,69,3.5,2021-09-29,76,4.6,2021-11-04,85,7.3,2021-12-09,104,11.9,2022-01-06,116,17.2,NA,NA,NA,NA
"18","00186D1648",202,2021-07-29,60,2.3,2021-08-30,70,3.9,2021-09-29,73,3.7,2021-11-04,95,10,NA,NA,NA,NA,NA,NA,NA,NA,NA,NA
"19","00186D1648",202,2021-07-29,60,2.3,2021-08-30,70,3.9,2021-09-29,73,3.7,2021-11-04,97,11.9,NA,NA,NA,NA,NA,NA,NA,NA,NA,NA
"20","00186D1649",151,2021-07-29,54,1.7,2021-08-30,77,4.7,2021-09-29,96,10.5,2021-11-04,116,16,2021-12-09,134,26.4,2022-01-06,149,39.9,2022-03-30,200,86.7,2022-03-30
"21","00186D164A",201,2021-07-29,64,2.8,2021-08-30,87,7.3,2021-09-29,105,12.9,2021-11-04,125,23.1,NA,NA,NA,NA,NA,NA,NA,NA,NA,NA
"22","00186D164A",201,2021-07-29,64,2.8,2021-08-30,87,7.3,2021-09-29,105,12.9,2021-11-04,128,21.7,NA,NA,NA,NA,NA,NA,NA,NA,NA,NA
"23","00186D164B",201,2021-07-29,65,2.9,2021-08-30,88,8,2021-09-29,105,13.3,2021-11-04,125,24.4,NA,NA,NA,NA,NA,NA,NA,NA,NA,NA
"24","00186D164C",151,2021-07-29,56,1.9,2021-08-30,85,6.2,2021-09-29,116,17.2,2021-11-04,151,41.2,2021-12-09,191,81.5,2022-01-06,216,114.6,2022-03-30,274,250.5,2022-03-30
"25","00186D164D",152,2021-07-29,58,2.2,2021-08-30,80,5.6,2021-09-29,107,14.5,2021-11-04,132,28.3,2021-12-09,160,48.5,2022-01-06,180,66.1,2022-03-30,240,164.3,2022-03-30
"26","00186D164E",151,2021-07-29,56,1.9,2021-08-30,80,5.8,2021-09-29,111,17.1,2021-11-04,141,39.7,2021-12-09,178,75.7,2022-01-06,207,113.8,2022-03-30,268,268.6,2022-03-30
"27","00186D164F",151,2021-07-29,56,1.8,2021-08-30,77,4.6,2021-09-29,103,11.6,2021-11-04,116,16.6,2021-12-09,141,29.1,2022-01-06,164,46.5,NA,NA,NA,NA
"28","00186D1650",151,2021-07-29,53,1.5,2021-08-30,65,2.7,2021-09-29,89,7.7,2021-11-04,111,15.2,2021-12-09,145,33.5,2022-01-06,172,54.3,2022-03-30,240,148.9,2022-03-30
"29","00186D1651",202,2021-07-29,64,2.9,2021-08-30,85,7,2021-09-29,110,14.9,2021-11-04,135,28.2,NA,NA,NA,NA,NA,NA,NA,NA,NA,NA
"30","00186D1651",202,2021-07-29,64,2.9,2021-08-30,85,7,2021-09-29,110,14.9,2021-11-04,138,26.8,NA,NA,NA,NA,NA,NA,NA,NA,NA,NA
"31","00186D1652",201,2021-07-29,53,1.5,2021-08-30,64,2.8,NA,NA,NA,NA,NA,NA,NA,NA,NA,NA,NA,NA,NA,NA,NA,NA
"32","00186D1653",201,2021-07-29,65,3.1,2021-08-30,86,6.8,NA,NA,NA,NA,NA,NA,NA,NA,NA,NA,NA,NA,NA,NA,NA,NA
"33","00186D1654",152,2021-07-29,62,2.8,2021-08-30,88,7.9,2021-09-29,118,18.7,2021-11-04,147,36.5,2021-12-09,180,66,2022-01-06,204,91.6,2022-03-30,265,207.7,2022-03-30
"34","00186D1655",202,2021-07-29,71,3.7,2021-08-30,90,8.3,2021-09-29,111,14.7,2021-11-04,135,28.8,2021-12-09,169,58.5,2022-01-06,186,71.8,2022-03-30,225,140.2,2022-03-30
"35","00186D1656",202,2021-07-29,57,2,2021-08-30,79,5.6,2021-09-29,95,9.9,2021-11-04,129,25.9,2021-12-09,160,51,2022-01-06,180,74.7,NA,NA,NA,NA
"36","00186D1657",152,2021-07-29,69,3.6,2021-08-30,92,8.7,NA,NA,NA,NA,NA,NA,NA,NA,NA,NA,NA,NA,NA,NA,NA,NA
"37","00186D1658",152,2021-07-29,58,1.9,2021-08-30,73,3.9,NA,NA,NA,NA,NA,NA,NA,NA,NA,NA,NA,NA,NA,NA,NA,NA
"38","00186D1659",202,2021-07-29,57,2.1,2021-08-30,77,4.9,2021-09-29,76,4,2021-11-04,85,7.5,2021-12-09,120,21.9,2022-01-06,148,41.3,NA,NA,NA,NA
"39","00186D165A",152,2021-07-29,56,2,2021-08-30,80,5.6,2021-09-29,103,12.9,2021-11-04,130,25.2,NA,NA,NA,NA,NA,NA,NA,NA,NA,NA
"40","00186D165B",202,2021-07-29,53,1.7,2021-08-30,63,2.9,2021-09-29,75,4.5,2021-11-04,105,13.3,2021-12-09,126,24.6,NA,NA,NA,NA,NA,NA,NA
"41","00186D165C",201,2021-07-29,57,2.2,2021-08-30,71,4.5,2021-09-29,88,8.2,2021-11-04,118,22.4,2021-12-09,146,42,2022-01-06,157,55.6,2022-03-30,193,94.2,2022-03-30
"42","00186D165E",201,2021-07-29,58,2.1,2021-08-30,71,4,2021-09-29,80,5.7,2021-11-04,90,9.4,NA,NA,NA,NA,NA,NA,NA,NA,NA,NA
"43","00186D165E",201,2021-07-29,58,2.1,2021-08-30,71,4,2021-09-29,80,5.7,2021-11-04,92,9.8,NA,NA,NA,NA,NA,NA,NA,NA,NA,NA
"44","00186D165F",201,2021-07-29,62,2.6,2021-08-30,83,6.6,2021-09-29,110,14,2021-11-04,132,28.2,2021-12-09,160,61.1,2022-01-06,195,92.2,NA,NA,NA,NA
"45","00186D1660",201,2021-07-29,63,3,2021-08-30,76,4.9,NA,NA,NA,NA,NA,NA,NA,NA,NA,NA,NA,NA,NA,NA,NA,NA
"46","00186D1661",202,2021-07-29,63,2.6,2021-08-30,78,5.5,2021-09-29,90,8.7,2021-11-04,109,14.5,2021-12-09,129,22.7,2022-01-06,142,30.1,2022-03-30,180,65.4,2022-03-30
"47","00186D1662",201,2021-07-29,58,2,2021-08-30,70,4,2021-09-29,70,3.3,2021-11-04,76,4.5,2021-12-09,93,9.7,2022-01-06,117,17.8,2022-03-30,172,60.6,2022-03-30
"48","00186D1663",202,2021-07-29,52,1.5,2021-08-30,65,3.1,2021-09-29,71,4,2021-11-04,84,7.3,2021-12-09,103,12.6,2022-01-06,112,15.3,2022-03-30,150,40.3,2022-03-30
"49","00186D1664",151,2021-07-29,50,1.5,2021-08-30,68,3.3,2021-09-29,93,9.2,2021-11-04,116,18.4,2021-12-09,141,34.9,2022-01-06,172,66.8,2022-03-30,240,178.8,2022-03-30
"50","00186D1665",151,2021-07-29,65,3,2021-08-30,89,7.4,2021-09-29,120,18.8,2021-11-04,150,37.1,2021-12-09,185,72.5,2022-01-06,212,109.3,NA,NA,NA,NA
"51","00186D1666",151,2021-07-29,65,3.1,2021-08-30,90,8.4,2021-09-29,125,23.3,2021-11-04,164,49.8,NA,NA,NA,NA,NA,NA,NA,NA,NA,NA
"52","00186D1667",152,2021-07-29,61,2.5,2021-08-30,85,6,2021-09-29,116,17.2,2021-11-04,146,33.9,NA,NA,NA,NA,NA,NA,NA,NA,NA,NA
"53","00186D1667",152,2021-07-29,61,2.5,2021-08-30,85,6,2021-09-29,116,17.2,2021-11-04,145,32.9,NA,NA,NA,NA,NA,NA,NA,NA,NA,NA
"54","00186D1668",201,2021-07-29,51,1.2,2021-08-30,62,2.5,2021-09-29,70,3.7,2021-11-04,78,5.6,2021-12-09,95,9,NA,NA,NA,NA,NA,NA,NA
"55","00186D1669",201,2021-07-29,50,1.4,2021-08-30,62,2.7,2021-09-29,61,2,NA,NA,NA,NA,NA,NA,NA,NA,NA,NA,NA,NA,NA
"56","00186D166A",152,2021-07-29,59,2.3,2021-08-30,75,4.6,2021-09-29,95,9.6,2021-11-04,112,15.1,2021-12-09,125,21,2022-01-06,135,27.6,NA,NA,NA,NA
"57","00186D166B",201,2021-07-29,56,1.7,2021-08-30,75,4.5,2021-09-29,88,7.8,2021-11-04,115,19.8,2021-12-09,137,32.5,2022-01-06,153,47.4,NA,NA,NA,NA
"58","00186D166C",152,2021-07-29,68,3.4,2021-08-30,96,9.6,2021-09-29,128,22.6,2021-11-04,168,49.1,2021-12-09,202,88.2,2022-01-06,212,118.5,2022-03-30,303,321,2022-03-30
"59","00186D166D",152,2021-07-29,63,2.7,2021-08-30,89,7.9,2021-09-29,120,21.1,2021-11-04,152,42.2,2021-12-09,185,81.6,2022-01-06,215,124.3,2022-03-30,286,301.3,2022-03-30
"60","00186D166E",202,2021-07-29,61,2.6,2021-08-30,71,4.2,2021-09-29,78,4.8,2021-11-04,86,7.1,2021-12-09,102,11.2,2022-01-06,115,16.3,2022-03-30,150,37.2,2022-03-30
"61","00186D166F",202,2021-07-29,60,2.5,2021-08-30,83,6,2021-09-29,88,7.2,2021-11-04,112,15.7,2021-12-09,135,27.2,2022-01-06,148,35.8,NA,NA,NA,NA
"62","00186D1670",201,2021-07-29,59,2.3,2021-08-30,75,5.2,2021-09-29,95,10.7,2021-11-04,120,22.2,2021-12-09,148,39.6,2022-01-06,157,54.4,2022-03-30,202,105.3,2022-03-30
"63","00186D1671",201,2021-07-29,57,2,2021-08-30,81,6.3,2021-09-29,102,12.3,2021-11-04,132,29,2021-12-09,156,45.7,2022-01-06,171,64,2022-03-30,223,145.5,2022-03-30
"64","00186D1672",151,2021-07-29,66,3.1,2021-08-30,80,6.1,NA,NA,NA,NA,NA,NA,NA,NA,NA,NA,NA,NA,NA,NA,NA,NA
"65","00186D1673",151,2021-07-29,51,1.4,2021-08-30,73,4.1,2021-09-29,98,9.9,2021-11-04,119,19.5,2021-12-09,148,34.1,2022-01-06,173,52.1,2022-03-30,240,142.4,2022-03-30
"66","00186D1674",202,2021-07-29,64,2.8,2021-08-30,88,7.7,2021-09-29,95,8.6,2021-11-04,131,25,NA,NA,NA,NA,NA,NA,NA,NA,NA,NA
"67","00186D1674",202,2021-07-29,64,2.8,2021-08-30,88,7.7,2021-09-29,95,8.6,2021-11-04,134,26.8,NA,NA,NA,NA,NA,NA,NA,NA,NA,NA
"68","00186D1675",152,2021-07-29,52,1.5,2021-08-30,73,4.2,2021-09-29,102,11.8,2021-11-04,132,27.9,2021-12-09,168,57.8,2022-01-06,196,90.4,NA,NA,NA,NA
"69","00186D1676",202,2021-07-29,67,3.1,2021-08-30,86,7.2,2021-09-29,103,12.5,2021-11-04,134,27.8,2021-12-09,167,58.8,2022-01-06,184,77.3,NA,NA,NA,NA
"70","00186D1677",151,2021-07-29,55,1.5,2021-08-30,74,4.1,2021-09-29,101,11.9,2021-11-04,128,22.3,2021-12-09,170,57.1,2022-01-06,217,92.3,2022-03-30,280,263.3,2022-03-30
"71","00186D1678",151,2021-07-29,53,1.4,2021-08-30,65,3,2021-09-29,85,6.4,2021-11-04,97,9.1,2021-12-09,107,12.8,2022-01-06,123,18.3,NA,NA,NA,NA
"72","00186D1679",202,2021-07-29,50,1.4,2021-08-30,61,2.6,2021-09-29,61,1.9,NA,NA,NA,NA,NA,NA,NA,NA,NA,NA,NA,NA,NA
"73","00186D167A",201,2021-07-29,57,2,2021-08-30,76,5.5,2021-09-29,82,6.7,2021-11-04,86,7.4,NA,NA,NA,NA,NA,NA,NA,NA,NA,NA
"74","00186D167A",201,2021-07-29,57,2,2021-08-30,76,5.5,2021-09-29,82,6.7,2021-11-04,87,7.6,NA,NA,NA,NA,NA,NA,NA,NA,NA,NA
"75","00186D167B",201,2021-07-29,58,2.2,2021-08-30,76,5.3,2021-09-29,85,7.4,2021-11-04,105,15,2021-12-09,125,26.5,2022-01-06,145,40.8,NA,NA,NA,NA
"76","00186D167C",151,2021-07-29,55,1.9,2021-08-30,80,5.5,2021-09-29,108,14.5,2021-11-04,133,26.6,2021-12-09,153,39.4,2022-01-06,168,51.3,2022-03-30,218,125.1,2022-03-30
"77","00186D167D",152,2021-07-29,69,3.4,2021-08-30,94,9,2021-09-29,120,19.8,2021-11-04,150,38.8,2021-12-09,178,70.7,2022-01-06,203,101.5,NA,NA,NA,NA
"78","00186D167E",201,2021-07-29,63,2.8,2021-08-30,81,6.1,2021-09-29,100,11.6,2021-11-04,127,25,2021-12-09,160,48.2,2022-01-06,175,64,2022-03-30,215,116.1,2022-03-30
"79","00186D167F",151,2021-07-29,62,2.2,2021-08-30,85,5.9,2021-09-29,107,12.9,2021-11-04,136,23.7,NA,NA,NA,NA,NA,NA,NA,NA,NA,NA
"80","00186D1680",202,2021-07-29,62,2.9,2021-08-30,79,5.9,2021-09-29,77,4.4,2021-11-04,82,10,2021-12-09,96,10.7,2022-01-06,110,16.6,2022-03-30,140,36.9,2022-03-30
"81","00186D1681",201,2021-07-29,69,3.6,2021-08-30,80,6,2021-09-29,94,9.5,2021-11-04,112,17.1,2021-12-09,140,31.2,2022-01-06,152,41.5,2022-03-30,176,67.2,2022-03-30
"82","00186D1682",152,2021-07-29,56,1.8,2021-08-30,73,4.1,2021-09-29,101,11.1,2021-11-04,134,26,2021-12-09,165,49.6,2022-01-06,184,64.5,2022-03-30,251,172.9,2022-03-30
"83","00186D1683",152,2021-07-29,51,1.4,2021-08-30,71,3.8,2021-09-29,91,8.2,2021-11-04,112,14.7,2021-12-09,130,22.9,2022-01-06,147,32.7,2022-03-30,216,102.5,2022-03-30
"84","00186D1684",202,2021-07-29,53,1.5,2021-08-30,80,6.3,2021-09-29,63,2.3,2021-11-04,70,3.8,2021-12-09,78,4.8,2022-01-06,79,4.9,2022-03-30,90,6.7,2022-03-30
"85","00186D1684",202,2021-07-29,53,1.5,2021-08-30,63,2.6,2021-09-29,63,2.3,2021-11-04,70,3.8,2021-12-09,78,4.8,2022-01-06,79,4.9,2022-03-30,90,6.7,2022-03-30
"86","00186D1685",201,2021-07-29,56,1.9,2021-08-30,72,4.1,2021-09-29,79,5.5,2021-11-04,105,12.5,2021-12-09,128,22.2,2022-01-06,142,32.3,2022-03-30,165,49.9,2022-03-30
"87","00186D1686",202,2021-07-29,54,1.7,2021-08-30,73,5,2021-09-29,84,6.3,NA,NA,NA,NA,NA,NA,NA,NA,NA,NA,NA,NA,NA
"88","00186D1687",202,2021-07-29,57,1.8,2021-08-30,67,3.2,2021-09-29,81,5.9,2021-11-04,101,11.9,NA,NA,NA,NA,NA,NA,NA,NA,NA,NA
"89","00186D1687",202,2021-07-29,57,1.8,2021-08-30,67,3.2,2021-09-29,81,5.9,2021-11-04,105,13,NA,NA,NA,NA,NA,NA,NA,NA,NA,NA
"90","00186D1688",151,2021-07-29,59,2.2,2021-08-30,75,4.1,2021-09-29,99,9.9,2021-11-04,122,25.5,2021-12-09,153,42.8,2022-01-06,184,70.9,2022-03-30,240,182.3,2022-03-30
"91","00186D1689",202,2021-07-29,58,2.2,2021-08-30,73,4.6,2021-09-29,86,7.6,2021-11-04,116,18.1,NA,NA,NA,NA,NA,NA,NA,NA,NA,NA
"92","00186D1689",202,2021-07-29,58,2.2,2021-08-30,73,4.6,2021-09-29,86,7.6,2021-11-04,110,16.8,NA,NA,NA,NA,NA,NA,NA,NA,NA,NA
"93","00186D168A",202,2021-07-29,53,1.6,2021-08-30,65,3.1,2021-09-29,71,4,2021-11-04,98,10.7,2021-12-09,129,24.4,2022-01-06,154,39.5,2022-03-30,203,98.7,2022-03-30
"94","00186D168B",152,2021-07-29,58,2.1,2021-08-30,78,5,2021-09-29,98,10.5,2021-11-04,120,18.2,2021-12-09,145,32.4,2022-01-06,169,50.6,2022-03-30,238,140.1,2022-03-30
"95","00186D168C",151,2021-07-29,66,3.1,2021-08-30,91,7.8,2021-09-29,124,20.4,2021-11-04,158,40,NA,NA,NA,NA,NA,NA,NA,NA,NA,NA
"96","00186D168D",201,2021-07-29,62,2.7,2021-08-30,83,6.5,2021-09-29,96,9.9,2021-11-04,1222,20,NA,NA,NA,NA,NA,NA,NA,NA,NA,NA
"97","00186D168D",201,2021-07-29,62,2.7,2021-08-30,83,6.5,2021-09-29,96,9.9,2021-11-04,121,21.4,NA,NA,NA,NA,NA,NA,NA,NA,NA,NA
"98","00186D168E",151,2021-07-29,64,2.8,2021-08-30,88,7.3,2021-09-29,112,15.9,2021-11-04,146,35.6,2021-12-09,181,67.6,2022-01-06,211,106.8,NA,NA,NA,NA
"99","00186D168F",152,2021-07-29,57,1.9,2021-08-30,71,3.6,NA,NA,NA,NA,NA,NA,NA,NA,NA,NA,NA,NA,NA,NA,NA,NA
"100","00186D1690",151,2021-07-29,57,2,2021-08-30,77,5.1,2021-09-29,107,13.8,2021-11-04,130,24.1,2021-12-09,160,45.4,2022-01-06,188,76.2,2022-03-30,255,209.6,2022-03-30
"101","00186D1691",152,2021-07-29,63,2.8,2021-08-30,84,6.3,2021-09-29,112,15.2,2021-11-04,141,31.7,2021-12-09,171,58,2022-01-06,190,76.7,2022-03-30,248,162.2,2022-03-30
"102","00186D1692",151,2021-07-29,60,2.6,2021-08-30,78,5.5,2021-09-29,105,12.9,2021-11-04,123,20.9,NA,NA,NA,NA,NA,NA,2022-03-30,251,192.5,2022-03-30
"103","00186D1693",201,2021-07-29,60,2.3,2021-08-30,76,4.6,NA,NA,NA,NA,NA,NA,NA,NA,NA,NA,NA,NA,NA,NA,NA,NA
"104","00186D1694",202,2021-07-29,63,2.8,2021-08-30,88,7.8,2021-09-29,112,15.9,2021-11-04,140,33.1,2021-12-09,164,56.4,2022-01-06,181,78.6,NA,NA,NA,NA
"105","00186D1695",151,2021-07-29,57,2,2021-08-30,75,4.4,2021-09-29,96,9.4,2021-11-04,114,15.5,2021-12-09,138,26.6,2022-01-06,159,46,2022-03-30,222,124.9,2022-03-30
"106","00186D1696",201,2021-07-29,54,1.6,2021-08-30,71,3.9,2021-09-29,79,5.3,2021-11-04,95,9.9,2021-12-09,115,16.3,2022-01-06,130,25.4,2022-03-30,155,42.8,2022-03-30
"107","00186D1697",151,2021-07-29,62,2.8,2021-08-30,85,6.6,2021-09-29,114,17.6,2021-11-04,148,37.8,2021-12-09,180,70,2022-01-06,208,103.3,2022-03-30,270,231,2022-03-30
"108","00186D1698",152,2021-07-29,53,1.6,2021-08-30,70,3.7,2021-09-29,104,12.1,2021-11-04,150,35.9,NA,NA,NA,NA,NA,NA,NA,NA,NA,NA
"109","00186D1699",152,2021-07-29,57,2.1,2021-08-30,73,4.3,2021-09-29,100,11.2,2021-11-04,130,25.9,NA,NA,NA,NA,NA,NA,NA,NA,NA,NA
"110","00186D1699",152,2021-07-29,57,2.1,2021-08-30,73,4.3,2021-09-29,100,11.2,2021-11-04,129,25.6,NA,NA,NA,NA,NA,NA,NA,NA,NA,NA
"111","00186D169A",152,2021-07-29,54,1.6,2021-08-30,73,4,2021-09-29,100,11,2021-11-04,131,25.2,2021-12-09,153,41.9,2022-01-06,171,62.7,2022-03-30,250,164.7,2022-03-30
"112","00186D169B",151,2021-07-29,55,1.8,2021-08-30,80,5.5,2021-09-29,110,14.3,2021-11-04,132,26.1,2021-12-09,152,60.9,2022-01-06,189,81.2,2022-03-30,265,232.5,2022-03-30
"113","00186D169C",152,2021-07-29,57,2,2021-08-30,76,5,2021-09-29,107,14.1,2021-11-04,135,29.6,NA,NA,NA,NA,NA,NA,NA,NA,NA,NA
"114","00186D169C",152,2021-07-29,57,2,2021-08-30,76,5,2021-09-29,107,14.1,2021-11-04,138,30.4,NA,NA,NA,NA,NA,NA,NA,NA,NA,NA
"115","00186D169D",151,2021-07-29,51,1.5,2021-08-30,76,5,2021-09-29,96,10.7,2021-11-04,121,20.5,2021-12-09,147,37.1,2022-01-06,117,57.2,2022-03-30,245,170,2022-03-30
"116","00186D169E",152,2021-07-29,61,2.5,2021-08-30,85,7.2,2021-09-29,118,18.1,2021-11-04,154,40.6,2021-12-09,190,79.3,2022-01-06,216,116.7,2022-03-30,275,256.7,2022-03-30
"117","00186D169F",151,2021-07-29,65,3,2021-08-30,87,6.7,2021-09-29,114,15.6,2021-11-04,139,30.4,2021-12-09,166,50.4,2022-01-06,187,73,NA,NA,NA,NA
"118","00186D16A0",201,2021-07-29,61,2.4,2021-08-30,76,5.4,2021-09-29,98,10.3,2021-11-04,118,18.8,NA,NA,NA,NA,NA,NA,NA,NA,NA,NA
"119","00186D16A0",201,2021-07-29,61,2.4,2021-08-30,76,5.4,2021-09-29,98,10.3,2021-11-04,117,18.4,NA,NA,NA,NA,NA,NA,NA,NA,NA,NA
"120","00186D16A1",202,2021-07-29,66,3.3,2021-08-30,84,7,2021-09-29,83,5.4,2021-11-04,82,5.2,2021-12-09,96,10.6,2022-01-06,116,17.7,2022-03-30,268,56.5,2022-03-30
"121","00186D16A2",151,2021-07-29,60,2.4,2021-08-30,79,5.1,2021-09-29,110,15,2021-11-04,145,36.7,2021-12-09,181,69.7,2022-01-06,209,104.4,2022-03-30,275,233.4,2022-03-30
"122","00186D16A3",152,2021-07-29,58,2.1,2021-08-30,80,5.5,2021-09-29,110,13.7,2021-11-04,144,32.2,2021-12-09,180,64.1,2022-01-06,208,98.9,2022-03-30,275,245.6,2022-03-30
"123","00186D16A4",151,2021-07-29,70,4.2,2021-08-30,98,10.7,2021-09-29,135,27.2,2021-11-04,172,63.1,2021-12-09,213,114.6,2022-01-06,244,167,2022-03-30,300,313.6,2022-03-30
"124","00186D16A5",202,2021-07-29,55,1.5,2021-08-30,64,2.8,NA,NA,NA,NA,NA,NA,NA,NA,NA,NA,NA,NA,NA,NA,NA,NA
"125","00186D16A6",152,2021-07-29,62,2.6,2021-08-30,79,4.5,2021-09-29,100,10.3,2021-11-04,124,21.5,2021-12-09,149,37.2,2022-01-06,167,52.7,2022-03-30,227,124.5,2022-03-30
"126","00186D16A7",201,2021-07-29,63,2.7,2021-08-30,85,7.3,2021-09-29,108,14.1,2021-11-04,135,30.2,2021-12-09,161,53.7,2022-01-06,171,61.7,2022-03-30,210,119.2,2022-03-30
"127","00186D16A8",151,2021-07-29,60,2.2,2021-08-30,79,5,2021-09-29,101,11.5,2021-11-04,120,18.2,2021-12-09,145,31.3,2022-01-06,173,58.2,2022-03-30,233,131.4,2022-03-30
"128","00186D16A9",201,2021-07-29,58,2,2021-08-30,70,3.6,2021-09-29,90,8,2021-11-04,115,17.4,2021-12-09,140,34.3,2022-01-06,151,43.1,2022-03-30,185,76,2022-03-30
"129","00186D16AA",152,2021-07-29,69,3.4,2021-08-30,100,10,2021-09-29,133,23.9,2021-11-04,170,52.7,NA,NA,NA,NA,NA,NA,NA,NA,NA,NA
"130","00186D16AA",152,2021-07-29,69,3.4,2021-08-30,100,10,2021-09-29,133,23.9,2021-11-04,166,48.9,NA,NA,NA,NA,NA,NA,NA,NA,NA,NA
"131","00186D16AB",151,2021-07-29,66,3.4,2021-08-30,95,9.7,2021-09-29,129,24.2,2021-11-04,165,58.4,NA,NA,NA,NA,NA,NA,NA,NA,NA,NA
"132","00186D16AB",151,2021-07-29,66,3.4,2021-08-30,95,9.7,2021-09-29,129,24.2,2021-11-04,166,54,NA,NA,NA,NA,NA,NA,NA,NA,NA,NA
"133","00186D16AC",201,2021-07-29,55,1.8,2021-08-30,65,2.8,2021-09-29,65,2.9,2021-11-04,146,42.2,NA,NA,NA,NA,NA,NA,NA,NA,NA,NA
"134","00186D16AD",151,2021-07-29,57,2.2,2021-08-30,80,5.9,2021-09-29,105,14.9,NA,NA,NA,NA,NA,NA,NA,NA,NA,NA,NA,NA,NA
"135","00186D16AE",152,2021-07-29,55,1.6,2021-08-30,75,4.8,2021-09-29,110,16.7,2021-11-04,150,44,2021-12-09,185,85.4,2022-01-06,206,113.5,2022-03-30,272,267.7,2022-03-30
"136","00186D16AF",151,2021-07-29,59,2.2,2021-08-30,90,8.5,2021-09-29,125,22,2021-11-04,159,46.4,2021-12-09,196,97,2022-01-06,226,149.6,NA,NA,NA,NA
"137","00186D16B0",152,2021-07-29,59,2.2,2021-08-30,70,3.3,2021-09-29,84,5.7,2021-11-04,105,12.2,NA,NA,NA,NA,NA,NA,NA,NA,NA,NA
"138","00186D16B0",152,2021-07-29,59,2.2,2021-08-30,70,3.3,2021-09-29,84,5.7,2021-11-04,107,12.9,NA,NA,NA,NA,NA,NA,NA,NA,NA,NA
"139","00186D16B1",202,2021-07-29,57,1.9,2021-08-30,68,3.3,2021-09-29,74,4,2021-11-04,81,6,2021-12-09,117,18.6,2022-01-06,136,29.6,2022-03-30,180,68.7,2022-03-30
"140","00186D16B2",202,2021-07-29,51,1.3,2021-08-30,66,2.9,2021-09-29,75,4.4,2021-11-04,91,9.1,2021-12-09,112,17.8,2022-01-06,130,27.2,2022-03-30,170,57.8,2022-03-30
"141","00186D16B3",151,2021-07-29,61,2.7,2021-08-30,83,6.4,2021-09-29,110,15.4,2021-11-04,140,32.7,NA,NA,NA,NA,NA,NA,NA,NA,NA,NA
"142","00186D16B3",151,2021-07-29,61,2.7,2021-08-30,83,6.4,2021-09-29,110,15.4,2021-11-04,139,31.7,NA,NA,NA,NA,NA,NA,NA,NA,NA,NA
"143","00186D16B4",151,2021-07-29,65,3,NA,NA,NA,NA,NA,NA,NA,NA,NA,NA,NA,NA,NA,NA,NA,NA,NA,NA,NA
"144","00186D16B5",201,2021-07-29,60,2.5,2021-08-30,71,4.3,2021-09-29,79,5.7,2021-11-04,108,16.6,2021-12-09,142,39.9,2022-01-06,170,61.4,NA,NA,NA,NA
"145","00186D16B6",152,2021-07-29,64,2.8,2021-08-30,92,9.1,2021-09-29,120,20,2021-11-04,150,40.4,2021-12-09,180,70.4,2022-01-06,205,97.4,2022-03-30,277,265.6,2022-03-30
"146","00186D16B7",151,2021-07-29,57,2,2021-08-30,79,5.2,2021-09-29,109,14.2,2021-11-04,143,34.7,2021-12-09,185,77.6,2022-01-06,215,121.3,2022-03-30,282,305.2,2022-03-30
"147","00186D16B8",152,2021-07-29,57,2.2,2021-08-30,80,5.5,2021-09-29,105,13.6,2021-11-04,121,20.2,2021-12-09,143,33.9,2022-01-06,145,29.8,2022-03-30,205,114.8,2022-03-30
"148","00186D16B9",202,2021-07-29,65,2.9,2021-08-30,85,7,2021-09-29,101,11.1,2021-11-04,128,22.8,2021-12-09,158,44.1,2022-01-06,176,62.3,NA,NA,NA,NA
"149","00186D16BA",202,2021-07-29,68,3.3,2021-08-30,94,9.6,2021-09-29,112,16.4,2021-11-04,138,28.5,NA,NA,NA,NA,NA,NA,NA,NA,NA,NA
"150","00186D16BA",202,2021-07-29,68,3.3,2021-08-30,94,9.6,2021-09-29,112,16.4,2021-11-04,135,29.6,NA,NA,NA,NA,NA,NA,NA,NA,NA,NA
"151","00186D16BB",202,2021-07-29,58,1.8,2021-08-30,78,5.6,2021-09-29,102,12.4,2021-11-04,119,22.2,2021-12-09,146,39.7,2022-01-06,166,52.3,NA,NA,NA,NA
"152","00186D16BC",201,2021-07-29,56,2.1,2021-08-30,71,4.3,NA,NA,NA,NA,NA,NA,NA,NA,NA,NA,NA,NA,NA,NA,NA,NA
"153","00186D16BD",201,2021-07-29,60,2.3,2021-08-30,76,5.2,2021-09-29,79,5.1,2021-11-04,88,8,2021-12-09,120,19.2,2022-01-06,142,32.1,NA,NA,NA,NA
"154","00186D16BE",152,2021-07-29,62,2.6,2021-08-30,89,7.3,2021-09-29,114,15.8,2021-11-04,145,35.1,2021-12-09,181,66.5,2022-01-06,209,99.1,2022-03-30,270,225.2,2022-03-30
"155","00186D16BF",152,2021-07-29,60,2.4,2021-08-30,78,4.7,2021-09-29,95,8.6,2021-11-04,115,15.2,2021-12-09,135,25.5,2022-01-06,148,32.3,2022-03-30,205,83.9,2022-03-30
"156","00186D16C0",202,2021-07-29,56,1.8,2021-08-30,69,3.8,2021-09-29,70,3.5,2021-11-04,92,9.1,2021-12-09,116,18.9,2022-01-06,130,25.9,2022-03-30,170,60.8,2022-03-30
"157","00186D16C1",152,2021-07-29,63,2.6,2021-08-30,NA,5,NA,NA,NA,NA,NA,NA,NA,NA,NA,NA,NA,NA,NA,NA,NA,NA
"158","00186D16C3",152,2021-07-29,65,3.2,2021-08-30,84,6.5,NA,NA,NA,NA,NA,NA,NA,NA,NA,NA,NA,NA,NA,NA,NA,NA
"159","00186D16C4",152,2021-07-29,61,2.5,2021-08-30,83,6.3,2021-09-29,110,15,2021-11-04,142,34.3,2021-12-09,174,61.6,2022-01-06,194,78.9,2022-03-30,247,169.1,2022-03-30
"160","00186D16C5",202,2021-07-29,57,2.2,2021-08-30,74,4.6,2021-09-29,79,5.4,2021-11-04,105,13.5,2021-12-09,125,22.8,2022-01-06,137,32.4,2022-03-30,185,80.3,2022-03-30
"161","00186D16C6",151,2021-07-29,62,2.5,2021-08-30,85,6.8,2021-09-29,108,14.7,2021-11-04,133,27.5,2021-12-09,159,47.3,2022-01-06,185,72.4,2022-03-30,257,203.2,2022-03-30
"162","00186D16C7",201,2021-07-29,58,2.1,2021-08-30,71,3.8,NA,NA,NA,NA,NA,NA,NA,NA,NA,NA,NA,NA,NA,NA,NA,NA
"163","00186D16C8",152,2021-07-29,52,1.3,2021-08-30,60,2.5,2021-09-29,70,3.7,2021-11-04,79,5.2,2021-12-09,85,6.6,2022-01-06,94,8.1,NA,NA,NA,NA
"164","00186D16C9",202,2021-07-29,60,2.5,2021-08-30,80,6.1,2021-09-29,94,9.6,2021-11-04,131,27.7,2021-12-09,161,51.7,2022-01-06,179,71.4,NA,NA,NA,NA
"165","00186D16CA",152,2021-07-29,65,2.7,2021-08-30,85,6.5,2021-09-29,115,16.3,2021-11-04,147,35.7,NA,NA,NA,NA,NA,NA,NA,NA,NA,NA
"166","00186D16CA",152,2021-07-29,65,2.7,2021-08-30,85,6.5,2021-09-29,115,16.3,2021-11-04,144,31.3,NA,NA,NA,NA,NA,NA,NA,NA,NA,NA
"167","00186D16CB",201,2021-07-29,53,1.5,2021-08-30,62,2.7,2021-09-29,64,2.7,NA,NA,NA,NA,NA,NA,NA,NA,NA,NA,NA,NA,NA
"168","00186D16CC",151,2021-07-29,51,1.5,2021-08-30,70,3.8,2021-09-29,94,10.2,2021-11-04,117,18.2,NA,NA,NA,NA,NA,NA,NA,NA,NA,NA
"169","00186D16CC",151,2021-07-29,51,1.5,2021-08-30,70,3.8,2021-09-29,94,10.2,2021-11-04,115,18.5,NA,NA,NA,NA,NA,NA,NA,NA,NA,NA
"170","00186D16CD",152,2021-07-29,67,3.8,2021-08-30,92,8.7,2021-09-29,125,22.1,2021-11-04,160,51.7,2021-12-09,200,96.8,2022-01-06,219,122.3,2022-03-30,260,224.9,2022-03-30
"171","00186D16CE",202,2021-07-29,55,1.6,2021-08-30,74,4.9,2021-09-29,85,7.3,2021-11-04,116,17.9,2021-12-09,144,35.7,2022-01-06,166,56.2,2022-03-30,210,124.9,2022-03-30
"172","00186D16CF",201,2021-07-29,62,2.7,2021-08-30,70,4,NA,NA,NA,NA,NA,NA,NA,NA,NA,NA,NA,NA,NA,NA,NA,NA
"173","00186D16D0",202,2021-07-29,54,1.7,2021-08-30,66,3.3,2021-09-29,74,4.7,2021-11-04,97,10.8,NA,NA,NA,NA,NA,NA,NA,NA,NA,NA
"174","00186D16D0",202,2021-07-29,54,1.7,2021-08-30,66,3.3,2021-09-29,74,4.7,2021-11-04,95,10.7,NA,NA,NA,NA,NA,NA,NA,NA,NA,NA
"175","00186D16D1",201,2021-07-29,65,3.2,2021-08-30,84,6.7,NA,NA,NA,NA,NA,NA,NA,NA,NA,NA,NA,NA,NA,NA,NA,NA
"176","00186D16D2",201,2021-07-29,63,2.7,2021-08-30,83,6.1,2021-09-29,94,9.3,2021-11-04,115,19.4,2021-12-09,140,37.5,2022-01-06,158,50.7,2022-03-30,213,130.4,2022-03-30
"177","00186D16D3",201,2021-07-29,63,2.8,2021-08-30,75,5.1,NA,NA,NA,NA,NA,NA,NA,NA,NA,NA,NA,NA,NA,NA,NA,NA
"178","00186D16D4",152,2021-07-29,60,2.5,2021-08-30,90,8.3,2021-09-29,125,22,2021-11-04,155,41.5,NA,NA,NA,NA,NA,NA,NA,NA,NA,NA
"179","00186D16D5",202,2021-07-29,54,1.6,2021-08-30,66,3.1,2021-09-29,74,4.5,2021-11-04,95,10.1,2021-12-09,110,15.2,2022-01-06,118,19.2,2022-03-30,170,57,2022-03-30
"180","00186D16D6",152,2021-07-29,56,2,NA,NA,NA,NA,NA,NA,NA,NA,NA,NA,NA,NA,NA,NA,NA,NA,NA,NA,NA
"181","00186D16D6",201,2021-07-29,56,1.8,NA,NA,NA,NA,NA,NA,NA,NA,NA,NA,NA,NA,NA,NA,NA,NA,NA,NA,NA
"182","00186D16D7",202,2021-07-29,59,2.3,2021-08-30,75,5.3,2021-09-29,85,7.4,2021-11-04,112,19.9,NA,NA,NA,NA,NA,NA,NA,NA,NA,NA
"183","00186D16D7",202,2021-07-29,59,2.3,2021-08-30,75,5.3,2021-09-29,85,7.4,2021-11-04,117,19.7,NA,NA,NA,NA,NA,NA,NA,NA,NA,NA
"184","00186D16D8",151,2021-07-29,72,4.3,2021-08-30,85,8.8,NA,NA,NA,NA,NA,NA,NA,NA,NA,NA,NA,NA,NA,NA,NA,NA
"185","00186D16D9",202,2021-07-29,60,2.3,2021-08-30,80,5.6,2021-09-29,92,8.8,2021-11-04,115,19.2,2021-12-09,135,33.2,2022-01-06,149,41.6,2022-03-30,170,55,2022-03-30
"186","00186D16DA",202,2021-07-29,51,1.3,2021-08-30,63,3.1,NA,NA,NA,NA,NA,NA,NA,NA,NA,NA,NA,NA,NA,NA,NA,NA
"187","00186D16DB",152,2021-07-29,53,1.6,2021-08-30,76,4.8,2021-09-29,99,14.4,2021-11-04,140,29.6,2021-12-09,175,63.4,2022-01-06,201,92.4,NA,NA,NA,NA
"188","00186D16DC",202,2021-07-29,65,2.8,2021-08-30,81,6.5,2021-09-29,88,7.8,2021-11-04,103,13.4,2021-12-09,125,22.9,2022-01-06,136,29.5,2022-03-30,172,65.3,2022-03-30
"189","00186D16DD",151,2021-07-29,56,1.7,2021-08-30,79,5.3,2021-09-29,105,13.9,2021-11-04,130,26.7,2021-12-09,164,51.7,2022-01-06,187,78.7,2022-03-30,267,243.3,2022-03-30
"190","00186D16DE",201,2021-07-29,59,2.3,2021-08-30,72,4.9,2021-09-29,85,7.3,2021-11-04,95,11.5,2021-12-09,125,27.5,2022-01-06,137,32.7,2022-03-30,170,66.5,2022-03-30
"191","00186D16DF",202,2021-07-29,62,2.4,2021-08-30,79,5.3,NA,NA,NA,NA,NA,NA,NA,NA,NA,NA,NA,NA,NA,NA,NA,NA
"192","00186D16E0",201,2021-07-29,55,1.9,2021-08-30,70,3.8,2021-09-29,85,6.7,2021-11-04,112,16.4,2021-12-09,150,41.2,2022-01-06,170,65.5,NA,NA,NA,NA
"193","00186D16E1",152,2021-07-29,54,1.6,2021-08-30,73,3.9,2021-09-29,91,8.5,2021-11-04,115,16.7,2021-12-09,135,29.2,2022-01-06,164,46.8,2022-03-30,233,138.8,2022-03-30
"194","00186D16E2",151,2021-07-29,63,2.7,2021-08-30,88,7.9,2021-09-29,119,21.2,2021-11-04,154,49.4,2021-12-09,188,95.9,2022-01-06,215,144.3,2022-03-30,285,382.5,2022-03-30
"195","00186D16E3",201,2021-07-29,57,2,2021-08-30,73,4.5,2021-09-29,82,6.5,2021-11-04,90,8.8,2021-12-09,130,26.6,2022-01-06,159,46.6,2022-03-30,195,89,2022-03-30
"196","00186D16E4",202,2021-07-29,61,3,2021-08-30,85,6.9,2021-09-29,86,6.8,2021-11-04,115,18.2,NA,NA,NA,NA,NA,NA,NA,NA,NA,NA
"197","00186D16E5",201,2021-07-29,64,2.6,2021-08-30,76,4.3,2021-09-29,93,8.1,2021-11-04,110,14.3,2021-12-09,135,28.7,2022-01-06,154,41.9,2022-03-30,193,80.7,2022-03-30
"198","00186D16E6",151,2021-07-29,60,2.6,2021-08-30,88,7.5,2021-09-29,125,22.1,2021-11-04,165,54.4,NA,NA,NA,NA,NA,NA,NA,NA,NA,NA
"199","00186D16E6",151,2021-07-29,60,2.6,2021-08-30,88,7.5,2021-09-29,125,22.1,2021-11-04,115,16.4,NA,NA,NA,NA,NA,NA,NA,NA,NA,NA
"200","00186D16E6",151,2021-07-29,60,2.6,2021-08-30,88,7.5,2021-09-29,125,22.1,2021-11-04,168,56.7,NA,NA,NA,NA,NA,NA,NA,NA,NA,NA
"201","00186D16E7",201,2021-07-29,59,2.4,2021-08-30,75,5,2021-09-29,79,0,2021-11-04,97,11.6,2021-12-09,120,20.6,2022-01-06,130,28.8,2022-03-30,155,51.2,2022-03-30
"202","00186D16E8",202,2021-07-29,57,2.1,2021-08-30,74,4.7,NA,NA,NA,NA,NA,NA,NA,NA,NA,NA,NA,NA,NA,NA,NA,NA
"203","00186D16E9",201,2021-07-29,60,2.3,2021-08-30,84,6.3,2021-09-29,109,13,2021-11-04,135,29,2021-12-09,171,58.8,2022-01-06,185,72.3,2022-03-30,216,112.6,2022-03-30
"204","00186D16EA",201,2021-07-29,59,2.2,2021-08-30,73,4.2,2021-09-29,84,6.3,2021-11-04,109,14.7,2021-12-09,141,32.5,2022-01-06,164,51.3,2022-03-30,205,106.1,2022-03-30
"205","00186D16EB",201,2021-07-29,56,1.9,2021-08-30,71,4.4,2021-09-29,85,7,2021-11-04,106,15.1,2021-12-09,132,28,2022-01-06,150,38.3,2022-03-30,166,55.6,2022-03-30
"206","00186D16EC",151,2021-07-29,58,1.8,2021-08-30,75,4,2021-09-29,100,10,2021-11-04,136,24.3,2021-12-09,168,47.2,2022-01-06,188,66.3,2022-03-30,242,130.2,2022-03-30
"207","00186D16ED",202,2021-07-29,57,1.9,2021-08-30,60,1.8,NA,NA,NA,NA,NA,NA,NA,NA,NA,NA,NA,NA,NA,NA,NA,NA
"208","00186D16EE",201,2021-07-29,69,3.7,2021-08-30,91,8.7,2021-09-29,120,19,NA,NA,NA,NA,NA,NA,NA,NA,NA,NA,NA,NA,NA
"209","00186D16EF",152,2021-07-29,51,1.2,2021-08-30,67,3.2,2021-09-29,91,8.3,2021-11-04,114,15.1,2021-12-09,136,25.7,2022-01-06,163,41.5,2022-03-30,233,141.1,2022-03-30
"210","00186D16F0",201,2021-07-29,63,2.9,2021-08-30,87,7.7,2021-09-29,111,16,2021-11-04,140,34.4,2021-12-09,166,49.5,2022-01-06,171,53.3,2022-03-30,200,102.5,2022-03-30
"211","00186D16F1",201,2021-07-29,55,1.6,2021-08-30,70,3.5,2021-09-29,82,5.7,2021-11-04,105,12,2021-12-09,121,19.7,NA,NA,NA,NA,NA,NA,NA
"212","00186D16F2",152,2021-07-29,63,2.7,2021-08-30,80,5.5,NA,NA,NA,NA,NA,NA,NA,NA,NA,NA,NA,NA,NA,NA,NA,NA
"213","00186D16F3",152,2021-07-29,58,2.2,2021-08-30,72,4.1,2021-09-29,97,10.3,2021-11-04,131,26.6,2021-12-09,172,62.3,2022-01-06,198,96.7,2022-03-30,260,234.8,2022-03-30
"214","00186D16F4",151,2021-07-29,55,1.8,2021-08-30,79,4.9,2021-09-29,108,13.8,2021-11-04,148,36.7,2021-12-09,186,71.5,2022-01-06,216,111.7,2022-03-30,286,252.2,2022-03-30
"215","00186D16F5",151,2021-07-29,58,1.8,2021-08-30,76,5,2021-09-29,101,11.7,2021-11-04,119,21.1,2021-12-09,143,33.3,2022-01-06,155,47.6,NA,NA,NA,NA
"216","00186D16F6",151,2021-07-29,55,1.9,2021-08-30,75,4.7,2021-09-29,104,13,2021-11-04,139,32.9,NA,NA,NA,NA,NA,NA,NA,NA,NA,NA
"217","00186D16F6",151,2021-07-29,55,1.9,2021-08-30,75,4.7,2021-09-29,104,13,2021-11-04,136,32,NA,NA,NA,NA,NA,NA,NA,NA,NA,NA
"218","00186D16F7",151,2021-07-29,58,2.1,2021-08-30,71,3.6,NA,NA,NA,NA,NA,NA,NA,NA,NA,NA,NA,NA,NA,NA,NA,NA
"219","00186D16F8",202,2021-07-29,49,1.3,2021-08-30,62,2.8,2021-09-29,60,2.2,NA,NA,NA,NA,NA,NA,NA,NA,NA,NA,NA,NA,NA
"220","00186D16F9",151,2021-07-29,63,2.8,2021-08-30,88,6.8,2021-09-29,110,14.4,2021-11-04,134,25.9,2021-12-09,160,44.9,2022-01-06,186,72,2022-03-30,240,165.4,2022-03-30
"221","00186D16FA",152,2021-07-29,57,2,2021-08-30,79,5.4,2021-09-29,105,13.3,2021-11-04,132,26.9,2021-12-09,160,49,2022-01-06,181,72.5,2022-03-30,243,169.9,2022-03-30
"222","00186D16FB",202,2021-07-29,62,2.7,2021-08-30,78,5.2,NA,NA,NA,NA,NA,NA,NA,NA,NA,NA,NA,NA,NA,NA,NA,NA
"223","00186D16FC",151,2021-07-29,53,1.7,2021-08-30,72,4.1,2021-09-29,95,10.2,2021-11-04,120,20.2,2021-12-09,150,41.4,2022-01-06,184,75.3,NA,NA,NA,NA
"224","00186D16FD",202,2021-07-29,59,2.2,NA,NA,NA,NA,NA,NA,NA,NA,NA,NA,NA,NA,NA,NA,NA,NA,NA,NA,NA
"225","00186D16FE",152,2021-07-29,55,1.7,2021-08-30,70,3.3,2021-09-29,91,8.3,2021-11-04,114,15.8,2021-12-09,135,28,2022-01-06,157,42.9,2022-03-30,226,130.6,2022-03-30
"226","00186D16FF",201,2021-07-29,57,1.8,2021-08-30,71,3.9,2021-09-29,85,7,2021-11-04,105,16.1,2021-12-09,129,29.6,2022-01-06,145,41.6,2022-03-30,190,101.9,2022-03-30
"227","00186D1700",151,2021-07-29,54,1.6,2021-08-30,72,4.1,2021-09-29,104,11.7,2021-11-04,136,29.8,2021-12-09,170,59.4,2022-01-06,200,91.8,2022-03-30,270,241.2,2022-03-30
"228","00186D1701",152,2021-07-29,63,2.9,2021-08-30,79,6.1,NA,NA,NA,NA,NA,NA,NA,NA,NA,NA,NA,NA,NA,NA,NA,NA
"229","00186D1702",151,2021-07-29,60,2.2,2021-08-30,81,5.7,2021-09-29,108,14.3,2021-11-04,136,29.3,2021-12-09,165,50.5,2022-01-06,187,72.5,2022-03-30,250,173,2022-03-30
"230","00186D1703",202,2021-07-29,58,2.1,2021-08-30,74,4.9,2021-09-29,74,3.8,2021-11-04,76,4.8,2021-12-09,105,12.4,2022-01-06,105,11.1,2022-03-30,142,36.3,2022-03-30
"231","0018729399",202,2021-07-29,73,4.3,2021-08-30,88,8.6,NA,NA,NA,NA,NA,NA,NA,NA,NA,NA,NA,NA,NA,NA,NA,NA
"232","001872939A",151,2021-07-29,71,3.8,2021-08-30,80,5.4,NA,NA,NA,NA,NA,NA,NA,NA,NA,NA,NA,NA,NA,NA,NA,NA
"233","001872939C",201,2021-07-29,59,2.2,2021-08-30,73,4.4,2021-09-29,72,3.6,2021-11-04,78,5.3,2021-12-09,94,9.1,2022-01-06,110,14.8,NA,NA,NA,NA
"234","001872939D",202,2021-07-29,59,2,2021-08-30,68,3.4,2021-09-29,76,4.9,2021-11-04,82,6.1,2021-12-09,105,12.8,2022-01-06,128,21.6,2022-03-30,165,52.8,2022-03-30
"235","001872939E",201,2021-07-29,67,3.4,2021-08-30,88,8.7,NA,NA,NA,NA,NA,NA,NA,NA,NA,NA,NA,NA,NA,NA,NA,NA
"236","00187293A0",201,2021-07-29,73,4.2,2021-08-30,88,7.1,2021-09-29,110,15.2,2021-11-04,129,24.4,2021-12-09,160,47.8,NA,NA,NA,NA,NA,NA,NA
"237","00187293A1",152,2021-07-29,70,3.7,2021-08-30,88,7.6,2021-09-29,118,19,2021-11-04,150,41.7,2021-12-09,190,87.5,2022-01-06,216,133.5,NA,NA,NA,NA
"238","00187293A2",202,2021-07-29,58,2,2021-08-30,72,4.6,2021-09-29,86,7.7,2021-11-04,107,16.4,2021-12-09,120,22.5,2022-01-06,135,31.2,2022-03-30,166,33.2,2022-03-30
"239","00187293A4",152,2021-07-29,64,2.9,2021-08-30,85,7.2,2021-09-29,112,16.4,2021-11-04,139,30.9,NA,NA,NA,NA,NA,NA,NA,NA,NA,NA
"240","00187293A4",152,2021-07-29,64,2.9,2021-08-30,85,7.2,2021-09-29,112,16.4,2021-11-04,141,32.6,NA,NA,NA,NA,NA,NA,NA,NA,NA,NA
"241","00187293A7",152,2021-07-29,68,3.5,2021-08-30,90,7.8,2021-09-29,112,15.4,2021-11-04,137,27.6,2021-12-09,160,43.6,2022-01-06,180,62.1,NA,NA,NA,NA
"242","00187293A8",201,2021-07-29,67,3.1,2021-08-30,88,8.1,2021-09-29,108,15.3,2021-11-04,130,27.9,2021-12-09,156,43.2,2022-01-06,158,40.2,NA,NA,NA,NA
"243","00187293AA",152,2021-07-29,63,2.5,2021-08-30,74,3.9,2021-09-29,91,7.5,2021-11-04,115,15.3,2021-12-09,143,29.6,2022-01-06,159,45.8,2022-03-30,235,135.5,2022-03-30
"244","00187293AC",151,2021-07-29,70,3.6,2021-08-30,100,10.8,2021-09-29,140,28.8,2021-11-04,180,64.4,2021-12-09,225,122.9,2022-01-06,260,183.2,2022-03-30,305,327.8,2022-03-30
"245","00187293AD",202,2021-07-29,64,2.7,2021-08-30,80,5.6,2021-09-29,98,11,2021-11-04,125,22.3,2021-12-09,152,39.7,2022-01-06,171,54.7,2022-03-30,225,133.5,2022-03-30
"246","00187293AE",151,2021-07-29,61,2.3,2021-08-30,81,5.7,2021-09-29,111,14.8,2021-11-04,136,25.9,NA,NA,NA,NA,NA,NA,NA,NA,NA,NA
"247","00187293B0",202,2021-07-29,70,3.6,2021-08-30,77,5.3,NA,NA,NA,NA,NA,NA,NA,NA,NA,NA,NA,NA,NA,NA,NA,NA
"248","00187293B2",152,2021-07-29,59,2.1,2021-08-30,78,4.9,2021-09-29,102,11.6,2021-11-04,136,28.5,2021-12-09,160,49.8,2022-01-06,183,75.6,NA,NA,NA,NA
"249","00187293B5",151,2021-07-29,52,1.5,2021-08-30,66,3.6,NA,NA,NA,NA,NA,NA,NA,NA,NA,NA,NA,NA,NA,NA,NA,NA
"250","00187293B6",201,2021-07-29,69,3.6,2021-08-30,86,8.1,2021-09-29,102,12.7,2021-11-04,129,26.5,2021-12-09,158,51.5,2022-01-06,166,67.2,2022-03-30,195,112,2022-03-30
"251","00187293B7",202,2021-07-29,62,2.7,2021-08-30,75,5.1,2021-09-29,75,4.3,NA,NA,NA,NA,NA,NA,NA,NA,NA,NA,NA,NA,NA
"252","00187293BA",152,2021-07-29,70,3.3,2021-08-30,89,7.9,2021-09-29,117,18.7,2021-11-04,134,29.2,2021-12-09,152,45.6,2022-01-06,172,63.9,2022-03-30,229,159.6,2022-03-30
"253","00187293BC",152,2021-07-29,67,3.1,2021-08-30,95,9.6,2021-09-29,130,25.2,2021-11-04,164,51.7,2021-12-09,195,88.1,2022-01-06,224,139.1,2022-03-30,315,377,2022-03-30
"254","00187293BD",151,2021-07-29,70,3.7,NA,NA,NA,NA,NA,NA,NA,NA,NA,NA,NA,NA,NA,NA,NA,NA,NA,NA,NA
"255","00187293BE",201,2021-07-29,71,3.8,2021-08-30,87,7.9,2021-09-29,107,14.4,2021-11-04,132,30.5,2021-12-09,155,50.3,2022-01-06,175,67.2,2022-03-30,218,133.6,2022-03-30
"256","00187293C0",202,2021-07-29,70,3.8,2021-08-30,86,7.6,2021-09-29,95,9.1,2021-11-04,116,17.8,2021-12-09,141,31.3,2022-01-06,158,45.4,2022-03-30,200,95.8,2022-03-30
"257","00187293C1",202,2021-07-29,62,2.3,2021-08-30,75,4.9,2021-09-29,80,5.6,2021-11-04,78,4.5,2021-12-09,85,5.7,NA,NA,NA,NA,NA,NA,NA
"258","00187293C2",201,2021-07-29,70,3.6,2021-08-30,93,10,2021-09-29,118,20,2021-11-04,145,45.3,2021-12-09,180,84.5,2022-01-06,190,115.5,NA,NA,NA,NA
"259","00187293C3",202,2021-07-29,67,3,2021-08-30,NA,5.9,NA,NA,NA,NA,NA,NA,NA,NA,NA,NA,NA,NA,NA,NA,NA,NA
"260","00187293C5",151,2021-07-29,71,3.4,2021-08-30,87,6.4,2021-09-29,115,15.9,2021-11-04,151,39.7,2021-12-09,190,79.9,2022-01-06,220,119.5,NA,NA,NA,NA
"261","00187293C7",152,2021-07-29,69,3.7,2021-08-30,96,10.4,2021-09-29,129,23.6,2021-11-04,165,50.4,2021-12-09,195,84.9,2022-01-06,220,117,2022-03-30,286,216.6,2022-03-30
"262","00187293CA",151,2021-07-29,65,2.9,2021-08-30,81,5.9,2021-09-29,105,13,2021-11-04,130,25.5,2021-12-09,161,48.5,2022-01-06,192,81.8,NA,NA,NA,NA
"263","00187293CC",151,2021-07-29,66,3.3,2021-08-30,89,7.3,2021-09-29,114,15.6,2021-11-04,138,28.9,2021-12-09,163,47.9,2022-01-06,187,70.2,2022-03-30,245,164.2,2022-03-30
"264","00187293CE",152,2021-07-29,61,2.4,2021-08-30,82,6.1,2021-09-29,110,15.5,2021-11-04,146,37.1,2021-12-09,175,64.8,2022-01-06,193,86.2,NA,NA,NA,NA
"265","00187293CF",151,2021-07-29,74,4.3,2021-08-30,96,9.7,2021-09-29,125,21.4,2021-11-04,150,38.5,2021-12-09,180,67.7,2022-01-06,204,93.5,NA,NA,NA,NA
"266","00187293D0",202,2021-07-29,74,4,2021-08-30,85,7,2021-09-29,84,5.7,2021-11-04,85,6,2021-12-09,105,12.5,2022-01-06,120,19.4,2022-03-30,156,44.4,2022-03-30
"267","00187293D3",201,2021-07-29,56,1.7,2021-08-30,64,2.9,2021-09-29,64,2.7,2021-11-04,152,38.6,NA,NA,NA,NA,NA,NA,NA,NA,NA,NA
"268","00187293D9",151,2021-07-29,67,3.4,2021-08-30,93,8.9,2021-09-29,120,18.9,2021-11-04,141,31.6,2021-12-09,170,55.3,2022-01-06,189,71,NA,NA,NA,NA
"269","00187293DB",201,2021-07-29,74,4.4,2021-08-30,93,9.2,2021-09-29,106,13.6,2021-11-04,130,26.1,2021-12-09,148,37.1,2022-01-06,161,48.4,2022-03-30,190,82.3,2022-03-30
"270","00187293DC",151,2021-07-29,56,1.8,2021-08-30,77,5,2021-09-29,105,12.7,2021-11-04,131,26.9,2021-12-09,164,51.8,2022-01-06,186,78.5,2022-03-30,255,200.4,2022-03-30
"271","00187293DD",152,2021-07-29,71,4,2021-08-30,92,8.2,NA,NA,NA,NA,NA,NA,NA,NA,NA,NA,NA,NA,NA,NA,NA,NA
"272","00187293E3",202,2021-07-29,72,4.4,2021-08-30,95,11.3,2021-09-29,118,21.8,2021-11-04,150,44.5,NA,NA,NA,NA,NA,NA,NA,NA,NA,NA
"273","00187293E3",202,2021-07-29,72,4.4,2021-08-30,95,11.3,2021-09-29,118,21.8,2021-11-04,145,40.9,NA,NA,NA,NA,NA,NA,NA,NA,NA,NA
"274","00187293E5",202,2021-07-29,64,2.9,2021-08-30,77,5.5,2021-09-29,79,5.2,2021-11-04,85,6.7,2021-12-09,104,12.2,2022-01-06,108,14.2,2022-03-30,153,42.4,2022-03-30
"275","00187293E8",151,2021-07-29,65,2.9,2021-08-30,86,6.6,2021-09-29,113,15.9,2021-11-04,142,34.2,2021-12-09,180,68.9,2022-01-06,209,104.5,2022-03-30,280,264.2,2022-03-30
"276","00187293EC",202,2021-07-29,66,2.9,2021-08-30,72,4.3,NA,NA,NA,NA,NA,NA,NA,NA,NA,NA,NA,NA,NA,NA,NA,NA
"277","00187293ED",201,2021-07-29,62,2.5,2021-08-30,70,3.7,2021-09-29,79,5.3,2021-11-04,99,11.2,NA,NA,NA,NA,NA,NA,NA,NA,NA,NA
"278","00187293ED",201,2021-07-29,62,2.5,2021-08-30,70,3.7,2021-09-29,79,5.3,2021-11-04,98,11.4,NA,NA,NA,NA,NA,NA,NA,NA,NA,NA
"279","00187293EE",152,2021-07-29,68,3.4,2021-08-30,91,8.6,2021-09-29,124,21.9,2021-11-04,158,44.2,NA,NA,NA,NA,NA,NA,NA,NA,NA,NA
"280","00187293F1",202,2021-07-29,72,3.7,2021-08-30,85,7.5,NA,NA,NA,NA,NA,NA,NA,NA,NA,NA,NA,NA,NA,NA,NA,NA
"281","00187293F2",151,2021-07-29,69,3.8,2021-08-30,80,5.7,NA,NA,NA,NA,NA,NA,NA,NA,NA,NA,NA,NA,NA,NA,NA,NA
"282","00187293F4",202,2021-07-29,64,3,2021-08-30,NA,4.1,NA,NA,NA,NA,NA,NA,NA,NA,NA,NA,NA,NA,NA,NA,NA,NA
"283","00187293F6",151,2021-07-29,68,3.2,2021-08-30,90,8.5,2021-09-29,123,22.4,2021-11-04,155,45.2,2021-12-09,195,88.3,2022-01-06,211,103.7,2022-03-30,276,242.6,2022-03-30
"284","00187293F7",202,2021-07-29,65,3.2,2021-08-30,82,6.6,NA,NA,NA,NA,NA,NA,NA,NA,NA,NA,NA,NA,NA,NA,NA,NA
"285","00187293F8",151,2021-07-29,67,3.4,2021-08-30,85,7.1,2021-09-29,110,15,2021-11-04,132,28.3,2021-12-09,161,48.5,2022-01-06,185,79.8,2022-03-30,256,186.7,2022-03-30
"286","00187293FA",202,2021-07-29,65,3.2,2021-08-30,85,7.5,2021-09-29,101,13.2,2021-11-04,129,27.3,2021-12-09,165,59.7,2022-01-06,188,89.5,NA,NA,NA,NA
"287","00187293FB",151,2021-07-29,66,3.3,NA,NA,NA,NA,NA,NA,NA,NA,NA,NA,NA,NA,NA,NA,NA,NA,NA,NA,NA
"288","00187293FC",201,2021-07-29,62,2.4,2021-08-30,83,6.4,2021-09-29,105,12.5,2021-11-04,135,30,2021-12-09,163,57.7,2022-01-06,184,85.1,NA,NA,NA,NA
"289","0018729461",201,2021-07-29,70,3.9,2021-08-30,82,6.3,NA,NA,NA,NA,NA,NA,NA,NA,NA,NA,NA,NA,NA,NA,NA,NA
"290","0018729463",201,2021-07-29,59,1.9,2021-08-30,70,3.5,2021-09-29,75,4,2021-11-04,89,6.9,2021-12-09,118,16.7,2022-01-06,128,23.6,2022-03-30,180,67.6,2022-03-30
"291","0018729464",202,2021-07-29,64,2.6,2021-08-30,76,5.5,2021-09-29,85,6.2,2021-11-04,104,12,2021-12-09,120,19.3,2022-01-06,138,29.2,2022-03-30,185,69.6,2022-03-30
"292","0018729465",152,2021-07-29,67,3.1,2021-08-30,86,7.1,2021-09-29,128,22.8,2021-11-04,170,55,2021-12-09,201,95.2,2022-01-06,234,136.5,2022-03-30,296,312.9,2022-03-30
"293","0018729467",202,2021-07-29,62,2.6,2021-08-30,81,6.6,NA,NA,NA,NA,NA,NA,NA,NA,NA,NA,NA,NA,NA,NA,NA,NA
"294","0018729469",201,2021-07-29,61,2.4,2021-08-30,80,5.7,2021-09-29,95,9.2,2021-11-04,119,18.2,2021-12-09,140,30.6,2022-01-06,160,44.4,2022-03-30,195,79.4,2022-03-30
"295","001872946A",201,2021-07-29,74,4.2,2021-08-30,99,11,2021-09-29,115,17.2,2021-11-04,132,28.2,NA,NA,NA,NA,NA,NA,NA,NA,NA,NA
"296","001872946A",201,2021-07-29,74,4.2,2021-08-30,99,11,2021-09-29,115,17.2,2021-11-04,134,26.7,NA,NA,NA,NA,NA,NA,NA,NA,NA,NA
"297","001872946B",202,2021-07-29,59,2.2,2021-08-30,75,4.8,2021-09-29,89,8.7,2021-11-04,120,21.5,NA,NA,NA,NA,NA,NA,NA,NA,NA,NA
"298","001872946B",202,2021-07-29,59,2.2,2021-08-30,75,4.8,2021-09-29,89,8.7,2021-11-04,116,18.2,NA,NA,NA,NA,NA,NA,NA,NA,NA,NA
"299","001872946C",151,2021-07-29,65,3.1,2021-08-30,87,8.1,2021-09-29,114,18.1,2021-11-04,139,32.5,NA,NA,NA,NA,NA,NA,NA,NA,NA,NA
"300","001872946D",202,2021-07-29,68,3.4,2021-08-30,79,5.6,2021-09-29,94,8.7,2021-11-04,121,21.9,2021-12-09,152,43.5,2022-01-06,177,64.4,2022-03-30,222,150,2022-03-30
"301","001872946E",152,2021-07-29,70,3.7,2021-08-30,91,8,2021-09-29,118,18,2021-11-04,147,33.4,NA,NA,NA,NA,NA,NA,NA,NA,NA,NA
"302","001872946F",151,2021-07-29,59,2.1,2021-08-30,74,4,2021-09-29,98,9.6,2021-11-04,117,17.4,2021-12-09,147,33.5,2022-01-06,180,61.4,2022-03-30,242,156.9,2022-03-30
"303","0018729470",151,2021-07-29,68,3.5,2021-08-30,81,5.9,2021-09-29,110,14.2,2021-11-04,133,26.6,2021-12-09,168,53,2022-01-06,194,82.7,2022-03-30,265,224.3,2022-03-30
"304","0018729471",202,2021-07-29,68,3.1,2021-08-30,88,8.2,2021-09-29,102,12.3,2021-11-04,125,24.9,2021-12-09,146,44,2022-01-06,170,64,2022-03-30,210,130.5,2022-03-30
"305","0018729472",152,2021-07-29,74,4.5,2021-08-30,105,12.8,2021-09-29,133,26.2,2021-11-04,164,47.7,NA,NA,NA,NA,NA,NA,NA,NA,NA,NA
"306","0018729473",202,2021-07-29,66,3.4,2021-08-30,78,5.5,2021-09-29,86,7.6,2021-11-04,107,16.6,2021-12-09,145,36.6,2022-01-06,163,50.1,2022-03-30,195,92,2022-03-30
"307","0018729474",201,2021-07-29,65,2.8,2021-08-30,75,4.6,2021-09-29,90,8.2,2021-11-04,116,17.8,2021-12-09,150,38.1,2022-01-06,165,53,2022-03-30,210,109.3,2022-03-30
"308","0018729475",201,2021-07-29,70,3.7,2021-08-30,97,11,2021-09-29,128,25.9,2021-11-04,159,52.8,2021-12-09,190,87.2,2022-01-06,210,121.9,NA,NA,NA,NA
"309","0018729478",202,2021-07-29,73,4.5,2021-08-30,99,11.1,2021-09-29,118,20.2,2021-11-04,136,29.9,2021-12-09,165,57.8,2022-01-06,182,71.4,NA,NA,NA,NA
"310","001872947A",201,2021-07-29,63,2.5,2021-08-30,74,4.5,NA,NA,NA,NA,NA,NA,NA,NA,NA,NA,NA,NA,NA,NA,NA,NA
"311","001872947B",202,2021-07-29,71,3.9,2021-08-30,91,8.7,NA,NA,NA,NA,NA,NA,NA,NA,NA,NA,NA,NA,NA,NA,NA,NA
"312","001872947C",152,2021-07-29,68,3.2,2021-08-30,80,6.6,NA,NA,NA,NA,NA,NA,NA,NA,NA,NA,NA,NA,NA,NA,NA,NA
"313","001872947D",151,2021-07-29,61,2.2,2021-08-30,80,5.2,2021-09-29,102,11.3,2021-11-04,123,19.5,2021-12-09,148,34.3,2022-01-06,172,56.3,2022-03-30,243,153.6,2022-03-30
"314","001872947E",201,2021-07-29,62,2.4,2021-08-30,72,4.3,2021-09-29,85,7.1,2021-11-04,110,17.5,NA,NA,NA,NA,NA,NA,NA,NA,NA,NA
"315","001872947F",152,2021-07-29,54,1.6,2021-08-30,69,3.4,2021-09-29,92,8.8,2021-11-04,125,21.4,2021-12-09,163,48.8,2022-01-06,189,73,2022-03-30,243,155.2,2022-03-30
"316","0018729480",202,2021-07-29,70,3.9,2021-08-30,94,9.5,2021-09-29,109,15.2,2021-11-04,138,31.8,2021-12-09,161,51.6,2022-01-06,177,60,NA,NA,NA,NA
"317","0018729481",201,2021-07-29,75,4.2,2021-08-30,81,7,NA,NA,NA,NA,NA,NA,NA,NA,NA,NA,NA,NA,NA,NA,NA,NA
"318","0018729482",201,2021-07-29,61,2.3,2021-08-30,73,4.2,2021-09-29,70,3.1,NA,NA,NA,NA,NA,NA,NA,NA,NA,NA,NA,NA,NA
"319","0018729483",201,2021-07-29,63,2.4,2021-08-30,75,4.8,2021-09-29,89,7.7,2021-11-04,112,16.3,2021-12-09,144,35.4,2022-01-06,167,51.9,2022-03-30,186,70.5,2022-03-30
"320","0018729484",202,2021-07-29,66,3.2,2021-08-30,88,8,2021-09-29,89,7.1,2021-11-04,85,5.8,NA,NA,NA,NA,NA,NA,NA,NA,NA,NA
"321","0018729485",201,2021-07-29,67,3,2021-08-30,83,6.2,2021-09-29,104,12.9,2021-11-04,131,28.5,NA,NA,NA,NA,NA,NA,NA,NA,NA,NA
"322","0018729485",201,2021-07-29,67,3,2021-08-30,83,6.2,2021-09-29,104,12.9,2021-11-04,130,26.5,NA,NA,NA,NA,NA,NA,NA,NA,NA,NA
"323","0018729486",151,2021-07-29,52,1.6,2021-08-30,76,4.7,2021-09-29,97,11,2021-11-04,121,20.4,2021-12-09,149,39,2022-01-06,175,63.8,NA,NA,NA,NA
"324","0018729488",151,2021-07-29,72,4.3,2021-08-30,87,7.7,NA,NA,NA,NA,NA,NA,NA,NA,NA,NA,NA,NA,NA,NA,NA,NA
"325","0018729489",151,2021-07-29,54,1.5,2021-08-30,71,3.8,2021-09-29,89,7.4,2021-11-04,106,13.1,2021-12-09,128,22.3,2022-01-06,147,32.1,NA,NA,NA,NA
"326","001872948A",201,2021-07-29,72,4.2,2021-08-30,95,9.4,2021-09-29,114,16.2,2021-11-04,130,25.8,2021-12-09,163,50.6,2022-01-06,183,69.2,NA,NA,NA,NA
"327","001872948B",201,2021-07-29,64,2.9,2021-08-30,83,6.7,2021-09-29,101,11.7,2021-11-04,119,18.9,2021-12-09,150,42.6,2022-01-06,160,48.7,NA,NA,NA,NA
"328","001872948D",152,2021-07-29,72,3.9,2021-08-30,104,11.7,2021-09-29,141,29.7,2021-11-04,177,65.2,2021-12-09,215,115.8,2022-01-06,230,140.4,2022-03-30,275,259.8,2022-03-30
"329","001872948E",151,2021-07-29,77,4.5,2021-08-30,102,11.4,2021-09-29,138,28.2,2021-11-04,170,54.6,NA,NA,NA,NA,NA,NA,NA,NA,NA,NA
"330","001872948E",151,2021-07-29,77,4.5,2021-08-30,102,11.4,2021-09-29,138,28.2,2021-11-04,169,54.5,NA,NA,NA,NA,NA,NA,NA,NA,NA,NA
"331","001872948F",152,2021-07-29,52,1.5,2021-08-30,69,3.4,2021-09-29,96,9.1,2021-11-04,124,21.1,2021-12-09,159,45.3,2022-01-06,186,79,2022-03-30,265,226.8,2022-03-30
"332","0018729490",201,2021-07-29,60,2.2,2021-08-30,76,5.7,2021-09-29,96,10.9,2021-11-04,125,26.4,2021-12-09,154,46.2,2022-01-06,167,65.5,NA,NA,NA,NA
"333","0018729491",151,2021-07-29,60,2.3,2021-08-30,83,6,2021-09-29,112,15.6,2021-11-04,145,34.9,NA,NA,NA,NA,NA,NA,NA,NA,NA,NA
"334","0018729491",151,2021-07-29,60,2.3,2021-08-30,83,6,2021-09-29,112,15.6,2021-11-04,144,33.5,NA,NA,NA,NA,NA,NA,NA,NA,NA,NA
"335","0018729492",152,2021-07-29,66,3,2021-08-30,80,5.9,2021-09-29,105,11.1,2021-11-04,122,19.5,2021-12-09,146,33.3,2022-01-06,168,52,2022-03-30,285,308.5,2022-03-30
"336","0018729492",152,2021-07-29,66,3,2021-08-30,80,5.9,2021-09-29,105,11.1,2021-11-04,122,19.5,2021-12-09,146,33.3,2022-01-06,168,52,2022-03-30,225,135.6,2022-03-30
"337","0018729493",152,2021-07-29,68,3.8,2021-08-30,93,8.6,2021-09-29,120,19.3,2021-11-04,151,38.9,2021-12-09,181,65.3,2022-01-06,198,83.6,2022-03-30,257,199.6,2022-03-30
"338","0018729495",152,2021-07-29,57,2.1,2021-08-30,78,5.4,2021-09-29,106,14.3,2021-11-04,135,29.3,2021-12-09,176,68.2,2022-01-06,211,119.6,NA,NA,NA,NA
"339","0018729496",201,2021-07-29,71,4.1,2021-08-30,94,9.8,2021-09-29,109,14.8,2021-11-04,130,26.8,2021-12-09,148,36.3,2022-01-06,166,45.6,2022-03-30,188,84.3,2022-03-30
"340","0018729498",151,2021-07-29,71,4.2,2021-08-30,96,9.6,2021-09-29,122,20.8,2021-11-04,150,39.4,2021-12-09,175,69,2022-01-06,196,101.2,2022-03-30,260,195.2,2022-03-30
"341","0018729499",152,2021-07-29,56,1.8,2021-08-30,70,3.7,2021-09-29,90,7.9,2021-11-04,120,19,2021-12-09,155,38,2022-01-06,177,63.7,2022-03-30,265,214.8,2022-03-30
"342","001872949A",201,2021-07-29,61,1.9,2021-08-30,72,4.1,2021-09-29,80,5.5,2021-11-04,100,11.7,2021-12-09,128,24.6,2022-01-06,146,36.3,2022-03-30,174,58.4,2022-03-30
"343","001872949B",151,2021-07-29,74,4.5,2021-08-30,101,10.9,2021-09-29,140,29.7,2021-11-04,180,68.9,2021-12-09,215,121.5,2022-01-06,239,163,NA,NA,NA,NA
"344","001872949C",151,2021-07-29,62,2.5,2021-08-30,84,6.3,2021-09-29,112,15.3,2021-11-04,150,38.8,2021-12-09,190,84.9,2022-01-06,217,124,2022-03-30,295,301.1,2022-03-30
"345","001872949D",201,2021-07-29,76,4.3,2021-08-30,91,8.1,2021-09-29,101,10.8,2021-11-04,120,19,2021-12-09,139,28.6,2022-01-06,149,35.2,2022-03-30,187,77,2022-03-30
"346","001872949E",202,2021-07-29,73,3.9,2021-08-30,88,8,2021-09-29,105,12,2021-11-04,128,22.5,NA,NA,NA,NA,NA,NA,NA,NA,NA,NA
"347","001872949E",202,2021-07-29,73,3.9,2021-08-30,88,8,2021-09-29,105,12,2021-11-04,130,24.8,NA,NA,NA,NA,NA,NA,NA,NA,NA,NA
"348","001872949F",202,2021-07-29,63,2.2,2021-08-30,70,3.7,NA,NA,NA,NA,NA,NA,NA,NA,NA,NA,NA,NA,NA,NA,NA,NA
"349","00187294A0",152,2021-07-29,65,3,2021-08-30,91,9.2,2021-09-29,128,25,2021-11-04,174,66.1,2021-12-09,205,116,2022-01-06,234,161.9,NA,NA,NA,NA
"350","00187294A1",152,2021-07-29,70,3.8,2021-08-30,95,9.6,2021-09-29,125,22.3,2021-11-04,154,41.7,2021-12-09,184,74.6,2022-01-06,206,97.5,2022-03-30,265,209.1,2022-03-30
"351","00187294A2",151,2021-07-29,60,2.4,2021-08-30,78,5.1,2021-09-29,97,10.7,2021-11-04,117,19.7,2021-12-09,144,36.9,2022-01-06,171,61,NA,NA,NA,NA
"352","00187294A3",152,2021-07-29,67,3.2,2021-08-30,73,4.5,NA,NA,NA,NA,NA,NA,NA,NA,NA,NA,NA,NA,NA,NA,NA,NA
"353","00187294A4",201,2021-07-29,64,2.6,2021-08-30,75,5.5,NA,NA,NA,NA,NA,NA,NA,NA,NA,NA,NA,NA,NA,NA,NA,NA
"354","00187294A5",151,2021-07-29,70,3.7,2021-08-30,92,9.4,NA,NA,NA,NA,NA,NA,NA,NA,NA,NA,NA,NA,NA,NA,NA,NA
"355","00187294A6",151,2021-07-29,51,1.3,2021-08-30,68,3.3,2021-09-29,90,7.9,2021-11-04,123,22.2,2021-12-09,160,50.9,2022-01-06,198,90.2,2022-03-30,270,294.8,2022-03-30
"356","00187294A8",152,2021-07-29,56,1.8,2021-08-30,69,3.5,2021-09-29,88,7.5,2021-11-04,112,15.7,2021-12-09,134,26.3,2022-01-06,157,40.9,2022-03-30,240,166,2022-03-30
"357","00187294A9",152,2021-07-29,68,3.8,2021-08-30,90,8.5,2021-09-29,117,18.2,2021-11-04,141,34.2,2021-12-09,171,61.4,2022-01-06,189,78.8,2022-03-30,232,148.1,2022-03-30
"358","00187294AA",201,2021-07-29,62,2.6,2021-08-30,88,8.4,2021-09-29,110,16.7,2021-11-04,143,37.3,2021-12-09,168,58.9,2022-01-06,187,80,NA,NA,NA,NA
"359","00187294AB",202,2021-07-29,61,2.3,2021-08-30,80,5.9,NA,NA,NA,NA,NA,NA,NA,NA,NA,NA,NA,NA,NA,NA,NA,NA
"360","00187294AC",202,2021-07-29,63,2.6,2021-08-30,74,4.4,2021-09-29,80,5.5,2021-11-04,94,8.7,2021-12-09,102,11.2,2022-01-06,103,12.3,2022-03-30,130,22.6,2022-03-30
"361","00187294AD",201,2021-07-29,60,2.4,2021-08-30,78,5.6,2021-09-29,91,8.6,2021-11-04,110,15.2,NA,NA,NA,NA,NA,NA,NA,NA,NA,NA
"362","00187294AD",201,2021-07-29,60,2.4,2021-08-30,78,5.6,2021-09-29,91,8.6,2021-11-04,110,16.4,NA,NA,NA,NA,NA,NA,NA,NA,NA,NA
"363","00187294AE",202,2021-07-29,67,3,2021-08-30,91,8.6,2021-09-29,118,18.3,2021-11-04,155,47.2,2021-12-09,184,74.9,2022-01-06,208,105.2,NA,NA,NA,NA
"364","00187294AF",151,2021-07-29,68,3.3,2021-08-30,93,8.7,2021-09-29,125,20.5,2021-11-04,156,37.6,NA,NA,NA,NA,NA,NA,NA,NA,NA,NA
"365","00187294B0",202,2021-07-29,70,3.6,2021-08-30,88,7,NA,NA,NA,NA,NA,NA,NA,NA,NA,NA,NA,NA,NA,NA,NA,NA
"366","00187294B3",151,2021-07-29,70,3.5,2021-08-30,90,7.1,2021-09-29,123,19.4,2021-11-04,163,50.2,2021-12-09,198,96.9,2022-01-06,222,129,NA,NA,NA,NA
"367","00187294B4",201,2021-07-29,57,2.1,2021-08-30,67,3.6,NA,NA,NA,NA,NA,NA,NA,NA,NA,NA,NA,NA,NA,NA,NA,NA
"368","00187294B5",151,2021-07-29,54,1.5,2021-08-30,68,2.9,2021-09-29,85,6.2,2021-11-04,106,11.5,2021-12-09,132,23.4,2022-01-06,164,44.9,2022-03-30,235,135.2,2022-03-30
"369","00187294B6",152,2021-07-29,60,2.5,2021-08-30,78,4.8,NA,NA,NA,NA,NA,NA,NA,NA,NA,NA,NA,NA,NA,NA,NA,NA
"370","00187294B7",202,2021-07-29,49,1.1,2021-08-30,59,2.1,2021-09-29,60,1.9,NA,NA,NA,NA,NA,NA,NA,NA,NA,NA,NA,NA,NA
"371","00187294B8",202,2021-07-29,70,4.4,2021-08-30,90,8.7,2021-09-29,104,13,2021-11-04,124,22.3,2021-12-09,145,37.3,2022-01-06,159,49.5,2022-03-30,210,119,2022-03-30
"372","00187294B8",202,2021-07-29,70,4.4,2021-08-30,90,8.7,2021-09-29,104,13,2021-11-04,124,22.3,2021-12-09,145,37.3,2022-01-06,159,49.5,2022-03-30,288,324.2,2022-03-30
"373","00187294B9",151,2021-07-29,68,3.3,2021-08-30,86,6.7,2021-09-29,105,13,2021-11-04,131,24.3,2021-12-09,156,43.7,2022-01-06,175,59.6,2022-03-30,250,173.5,2022-03-30
"374","00187294BA",151,2021-07-29,66,2.9,2021-08-30,85,6.4,2021-09-29,114,16.3,2021-11-04,148,38,2021-12-09,192,84.5,2022-01-06,219,129.4,NA,NA,NA,NA
"375","00187294BB",152,2021-07-29,56,1.9,2021-08-30,73,3.5,NA,NA,NA,NA,NA,NA,NA,NA,NA,NA,NA,NA,NA,NA,NA,NA
"376","00187294BC",201,2021-07-29,67,3.1,2021-08-30,83,6.4,2021-09-29,107,14,2021-11-04,141,35.5,2021-12-09,175,72.6,2022-01-06,192,88,NA,NA,NA,NA
"377","00187294BD",201,2021-07-29,58,2.1,2021-08-30,67,3.5,2021-09-29,77,5,2021-11-04,86,7.6,2021-12-09,92,8.8,2022-01-06,96,12.1,2022-03-30,110,15.6,2022-03-30
"378","00187294BE",202,2021-07-29,60,2.4,2021-08-30,69,4.1,NA,NA,NA,NA,NA,NA,NA,NA,NA,NA,NA,NA,NA,NA,NA,NA
"379","00187294BF",201,2021-07-29,56,1.9,2021-08-30,76,5.1,2021-09-29,95,10.3,2021-11-04,125,27.5,NA,NA,NA,NA,NA,NA,NA,NA,NA,NA
"380","00187294BF",201,2021-07-29,56,1.9,2021-08-30,76,5.1,2021-09-29,95,10.3,2021-11-04,132,27.7,NA,NA,NA,NA,NA,NA,NA,NA,NA,NA
"381","00187294C1",202,2021-07-29,70,3.6,2021-08-30,85,7.3,2021-09-29,91,8.3,2021-11-04,112,13.9,2021-12-09,140,31.2,2022-01-06,151,39,2022-03-30,175,71.7,2022-03-30
"382","00187294C2",151,2021-07-29,68,3.5,2021-08-30,77,4.7,NA,NA,NA,NA,NA,NA,NA,NA,NA,NA,NA,NA,NA,NA,NA,NA
"383","00187294C3",202,2021-07-29,64,2.7,2021-08-30,81,6.7,2021-09-29,85,6.3,NA,NA,NA,NA,NA,NA,NA,NA,NA,NA,NA,NA,NA
"384","00187294C4",152,2021-07-29,58,1.9,2021-08-30,70,3.7,2021-09-29,91,8.3,2021-11-04,108,14,2021-12-09,130,24.4,2022-01-06,148,32,NA,NA,NA,NA
"385","00187294C6",201,2021-07-29,60,2.2,NA,NA,NA,NA,NA,NA,NA,NA,NA,NA,NA,NA,NA,NA,NA,NA,NA,NA,NA
"386","00187294C7",151,2021-07-29,64,2.9,2021-08-30,84,6.8,2021-09-29,107,14.6,2021-11-04,139,32.9,2021-12-09,172,64.8,2022-01-06,200,97.4,2022-03-30,260,228.8,2022-03-30
"387","00187294C8",152,2021-07-29,72,4.2,2021-08-30,87,7.4,NA,NA,NA,NA,NA,NA,NA,NA,NA,NA,NA,NA,NA,NA,NA,NA
"388","00187294CC",202,2021-07-29,60,2.2,2021-08-30,82,7,NA,NA,NA,NA,NA,NA,NA,NA,NA,NA,NA,NA,NA,NA,NA,NA
"389","00187294CD",201,2021-07-29,67,3.1,2021-08-30,78,6,NA,NA,NA,NA,NA,NA,NA,NA,NA,NA,NA,NA,NA,NA,NA,NA
"390","00187294CE",152,2021-07-29,66,3.2,2021-08-30,93,9.4,2021-09-29,131,27,2021-11-04,174,65.8,2021-12-09,215,132.8,2022-01-06,239,191.5,NA,NA,NA,NA
"391","00187294D0",202,2021-07-29,65,2.9,2021-08-30,76,4.9,NA,NA,NA,NA,NA,NA,NA,NA,NA,NA,NA,NA,NA,NA,NA,NA
"392","00187294D1",151,2021-07-29,61,2.7,2021-08-30,74,5,NA,NA,NA,NA,NA,NA,NA,NA,NA,NA,NA,NA,NA,NA,NA,NA
"393","00187294D3",152,2021-07-29,69,3.6,2021-08-30,94,9.3,2021-09-29,127,22.8,2021-11-04,165,50.6,2021-12-09,201,99.2,2022-01-06,226,135.2,2022-03-30,290,297.2,2022-03-30
"394","00187294D5",151,2021-07-29,63,2.7,2021-08-30,74,4.5,NA,NA,NA,NA,NA,NA,NA,NA,NA,NA,NA,NA,NA,NA,NA,NA
"395","00187294D6",151,2021-07-29,56,1.9,2021-08-30,76,4.9,2021-09-29,105,14,2021-11-04,133,27.7,2021-12-09,156,45.5,2022-01-06,180,67.3,2022-03-30,225,127.9,2022-03-30
"396","00187294D7",151,2021-07-29,71,4.1,2021-08-30,79,5.5,NA,NA,NA,NA,NA,NA,NA,NA,NA,NA,NA,NA,NA,NA,NA,NA
"397","00187294D8",152,2021-07-29,53,1.5,2021-08-30,68,3.3,2021-09-29,94,9,2021-11-04,121,18.1,2021-12-09,150,39,2022-01-06,184,68,NA,NA,NA,NA
"398","00187294DA",152,2021-07-29,68,3.2,2021-08-30,83,6,2021-09-29,105,12.2,2021-11-04,131,23.5,2021-12-09,151,37.4,2022-01-06,167,48.3,2022-03-30,230,130.3,2022-03-30
"399","00187294DB",152,2021-07-29,58,2,2021-08-30,70,3.4,2021-09-29,95,9.2,2021-11-04,118,18.3,2021-12-09,140,29.8,2022-01-06,160,43.6,NA,NA,NA,NA
"400","00187294DC",201,2021-07-29,63,2.7,2021-08-30,78,5.4,2021-09-29,90,8.7,2021-11-04,98,11.4,2021-12-09,126,24.2,NA,NA,NA,NA,NA,NA,NA
"401","00187294DD",202,2021-07-29,73,3.7,2021-08-30,90,7.7,2021-09-29,90,7,2021-11-04,109,12.6,2021-12-09,127,21.4,2022-01-06,148,35.1,2022-03-30,187,72.5,2022-03-30
"402","00187294E0",151,2021-07-29,59,2.1,2021-08-30,82,6.2,2021-09-29,113,16.5,2021-11-04,145,37.3,2021-12-09,185,78.1,2022-01-06,216,129.8,2022-03-30,288,346.2,2022-03-30
"403","00187294E2",152,2021-07-29,60,2.2,2021-08-30,76,4.5,2021-09-29,100,10.2,2021-11-04,121,17.6,2021-12-09,149,32.3,2022-01-06,175,53.4,NA,NA,NA,NA
"404","00187294E5",152,2021-07-29,66,3.2,2021-08-30,88,7.5,2021-09-29,120,18.3,2021-11-04,151,38.5,2021-12-09,186,74.3,2022-01-06,215,112.6,2022-03-30,276,247.9,2022-03-30
"405","00187294E7",202,2021-07-29,68,3.2,2021-08-30,82,6.1,2021-09-29,85,6.2,2021-11-04,114,15.3,2021-12-09,144,29.8,2022-01-06,149,31.3,2022-03-30,180,63.6,2022-03-30
"406","00187294E9",201,2021-07-29,64,2.8,2021-08-30,76,5.2,2021-09-29,95,9.5,2021-11-04,124,22.2,2021-12-09,150,37.5,NA,NA,NA,NA,NA,NA,NA
"407","00187294EA",201,2021-07-29,70,3.8,2021-08-30,96,10.8,2021-09-29,115,17.7,2021-11-04,135,31.1,2021-12-09,168,57.1,2022-01-06,179,69.5,2022-03-30,207,114.9,2022-03-30
"408","00187294ED",151,2021-07-29,49,1.3,2021-08-30,67,3.3,2021-09-29,91,7.8,2021-11-04,114,15.6,NA,NA,NA,NA,NA,NA,NA,NA,NA,NA
"409","00187294ED",151,2021-07-29,49,1.3,2021-08-30,67,3.3,2021-09-29,91,7.8,2021-11-04,116,16.1,NA,NA,NA,NA,NA,NA,NA,NA,NA,NA
"410","00187294F0",152,2021-07-29,60,2.2,2021-08-30,75,4.4,2021-09-29,100,10.5,2021-11-04,125,21.5,2021-12-09,152,42.5,2022-01-06,172,61.3,2022-03-30,240,147.8,2022-03-30
"411","00187294F1",202,2021-07-29,56,1.9,2021-08-30,70,4.3,2021-09-29,74,4.8,2021-11-04,99,11.9,2021-12-09,126,25.9,2022-01-06,136,30.2,2022-03-30,195,103.2,2022-03-30
"412","00187294F3",152,2021-07-29,64,2.9,2021-08-30,84,6.7,2021-09-29,116,18.1,2021-11-04,151,41.4,NA,NA,NA,NA,NA,NA,NA,NA,NA,NA
"413","00187294F3",152,2021-07-29,64,2.9,2021-08-30,84,6.7,2021-09-29,116,18.1,2021-11-04,155,44.2,NA,NA,NA,NA,NA,NA,NA,NA,NA,NA
"414","00187294F4",151,2021-07-29,71,3.7,2021-08-30,89,7.1,2021-09-29,112,14.3,2021-11-04,143,30.8,2021-12-09,172,54.2,2022-01-06,193,75.2,2022-03-30,250,159.5,2022-03-30
"415","00187294F6",202,2021-07-29,72,3.8,2021-08-30,85,6.8,2021-09-29,103,11.3,2021-11-04,132,28.1,NA,NA,NA,NA,NA,NA,NA,NA,NA,NA
"416","00187294F9",201,2021-07-29,69,3.4,2021-08-30,79,5.3,2021-09-29,100,10.8,2021-11-04,125,22,2021-12-09,155,46.1,2022-01-06,169,59,2022-03-30,210,106.1,2022-03-30
"417","00187294FA",201,2021-07-29,59,2,2021-08-30,73,4.2,2021-09-29,74,3.9,NA,NA,NA,NA,NA,NA,NA,NA,NA,NA,NA,NA,NA
"418","00187294FC",202,2021-07-29,64,2.6,2021-08-30,75,4.5,2021-09-29,74,3.9,2021-11-04,82,5.7,2021-12-09,94,9.1,2022-01-06,106,13.3,2022-03-30,130,24.4,2022-03-30
"419","00187294FD",201,2021-07-29,59,2,2021-08-30,72,4.2,2021-09-29,82,6,2021-11-04,109,14.8,2021-12-09,134,28.6,2022-01-06,151,41.2,2022-03-30,180,65.1,2022-03-30
"420","0018729504",202,2021-07-29,58,1.9,2021-08-30,70,4,2021-09-29,80,5.4,2021-11-04,117,16.9,NA,NA,NA,NA,NA,NA,NA,NA,NA,NA
"421","0018729504",202,2021-07-29,58,1.9,2021-08-30,70,4,2021-09-29,80,5.4,2021-11-04,112,16.6,NA,NA,NA,NA,NA,NA,NA,NA,NA,NA
"422","0018729505",151,2021-07-29,66,2.8,2021-08-30,82,5.8,NA,NA,NA,NA,NA,NA,NA,NA,NA,NA,NA,NA,NA,NA,NA,NA
"423","0018729507",151,2021-07-29,60,2.2,2021-08-30,82,6.2,2021-09-29,110,15.3,2021-11-04,140,31.2,NA,NA,NA,NA,NA,NA,NA,NA,NA,NA
"424","0018729509",201,2021-07-29,58,2.1,2021-08-30,69,4,2021-09-29,84,7.6,2021-11-04,105,16.5,2021-12-09,130,30.4,NA,NA,NA,NA,NA,NA,NA
"425","001872950C",201,2021-07-29,56,1.9,2021-08-30,70,3.9,2021-09-29,70,3.3,2021-11-04,80,6.5,2021-12-09,110,16,2022-01-06,135,29.6,2022-03-30,177,65,2022-03-30
"426","001872950E",201,2021-07-29,58,2.1,2021-08-30,71,4.3,2021-09-29,86,7.7,2021-11-04,114,17.4,NA,NA,NA,NA,NA,NA,NA,NA,NA,NA
"427","001872950E",201,2021-07-29,58,2.1,2021-08-30,71,4.3,2021-09-29,86,7.7,2021-11-04,110,18.2,NA,NA,NA,NA,NA,NA,NA,NA,NA,NA
"428","001872950F",152,2021-07-29,69,3.5,2021-08-30,94,8.7,2021-09-29,128,22.8,2021-11-04,164,49.7,2021-12-09,193,84.6,2022-01-06,209,111.1,2022-03-30,270,244,2022-03-30
"429","0018729510",151,2021-07-29,62,2.8,2021-08-30,85,7.1,2021-09-29,109,15.6,2021-11-04,134,27,2021-12-09,169,57.6,2022-01-06,200,97.4,2022-03-30,279,259.3,2022-03-30
"430","0018729514",152,2021-07-29,75,4.3,2021-08-30,98,10.1,2021-09-29,124,21.2,2021-11-04,161,52,2021-12-09,196,97,2022-01-06,220,127.7,2022-03-30,275,259.7,2022-03-30
"431","0018729516",151,2021-07-29,62,2.4,2021-08-30,73,4.8,NA,NA,NA,NA,NA,NA,NA,NA,NA,NA,NA,NA,NA,NA,NA,NA
"432","0018729517",202,2021-07-29,57,1.9,2021-08-30,65,3,2021-09-29,66,2.8,2021-11-04,76,4.5,2021-12-09,95,9,2022-01-06,117,20.2,2022-03-30,165,59.1,2022-03-30
"433","001872951A",201,2021-07-29,70,3.7,2021-08-30,91,8.8,2021-09-29,113,16.1,2021-11-04,142,32.3,NA,NA,NA,NA,NA,NA,NA,NA,NA,NA
"434","001872951A",201,2021-07-29,70,3.7,2021-08-30,91,8.8,2021-09-29,113,16.1,2021-11-04,144,34.8,NA,NA,NA,NA,NA,NA,NA,NA,NA,NA
"435","001872951B",152,2021-07-29,62,2.3,2021-08-30,81,5.2,2021-09-29,105,11.4,2021-11-04,134,23.1,2021-12-09,166,47.1,2022-01-06,188,70.1,2022-03-30,249,164.8,2022-03-30
"436","001872951D",152,2021-07-29,68,3.4,2021-08-30,90,8.3,NA,NA,NA,NA,NA,NA,NA,NA,NA,NA,NA,NA,NA,NA,NA,NA
"437","0018729520",202,2021-07-29,63,2.6,2021-08-30,75,4.6,2021-09-29,84,6.5,2021-11-04,108,13.9,NA,NA,NA,NA,NA,NA,NA,NA,NA,NA
"438","0018729520",202,2021-07-29,63,2.6,2021-08-30,75,4.6,2021-09-29,84,6.5,2021-11-04,105,13,NA,NA,NA,NA,NA,NA,NA,NA,NA,NA
"439","0018729521",151,2021-07-29,58,2,2021-08-30,75,4.3,2021-09-29,100,10.3,2021-11-04,133,26.2,2021-12-09,170,57,2022-01-06,197,89,2022-03-30,262,220.8,2022-03-30
"440","0018729522",152,2021-07-29,68,3.4,2021-08-30,89,7,2021-09-29,117,17.3,2021-11-04,150,37,2021-12-09,176,64.4,2022-01-06,198,83.8,2022-03-30,256,185.8,2022-03-30
"441","0018729523",152,2021-07-29,65,3.1,2021-08-30,89,8.3,2021-09-29,110,16.1,2021-11-04,121,22.7,NA,NA,NA,NA,NA,NA,NA,NA,NA,NA
"442","0018729526",152,2021-07-29,61,2.3,2021-08-30,84,6.7,2021-09-29,111,16.3,2021-11-04,142,33.7,2021-12-09,173,63.5,2022-01-06,201,102.7,2022-03-30,265,249.4,2022-03-30
"443","0018729527",202,2021-07-29,62,2.6,2021-08-30,70,3.4,2021-09-29,78,5,2021-11-04,100,11,2021-12-09,130,24.3,2022-01-06,150,33.1,NA,NA,NA,NA
"444","0018729547",152,2021-07-29,52,1.4,2021-08-30,77,5.4,2021-09-29,113,17.5,2021-11-04,154,41.8,NA,NA,NA,NA,NA,NA,NA,NA,NA,NA
"445","0018729574",152,2021-07-29,68,3.2,2021-08-30,91,8.3,2021-09-29,117,16.9,2021-11-04,146,32.5,2021-12-09,175,56.1,2022-01-06,195,72,2022-03-30,240,127.8,2022-03-30
