"","TAGNUMBER","SEX","TANK_Real","condition1","SGR","condition2","Interval_Days"
"1","00186D163B","F",201,"SGR_1",2.59382177411069,"T2minusT1",32
"3","00186D163B","F",201,"SGR_2",1.61024418293345,"T3minusT1",62
"6","00186D163B","F",201,"SGR_3",1.47324825011856,"T4minusT1",98
"2","00186D163B","F",201,"SGR_4",1.456891919114,"T5minusT1",133
"5","00186D163B","F",201,"SGR_5",1.48490134782751,"T6minusT1",161
"4","00186D163B","F",201,"SGR_6",1.27050215488711,"T7minusT1",244
"9","00186D163D","M",201,"SGR_1",1.8284478966855,"T2minusT1",32
"11","00186D163D","M",201,"SGR_2",1.15312484074162,"T3minusT1",62
"12","00186D163D","M",201,"SGR_3",1.49606768468771,"T4minusT1",98
"8","00186D163D","M",201,"SGR_4",NA,"T5minusT1",NA
"7","00186D163D","M",201,"SGR_5",NA,"T6minusT1",NA
"10","00186D163D","M",201,"SGR_6",NA,"T7minusT1",NA
"16","00186D1640","M",202,"SGR_1",4.07741549665499,"T2minusT1",32
"17","00186D1640","M",202,"SGR_2",2.9726009656261,"T3minusT1",62
"18","00186D1640","M",202,"SGR_3",2.89359755600371,"T4minusT1",98
"13","00186D1640","M",202,"SGR_4",2.65159053312549,"T5minusT1",133
"15","00186D1640","M",202,"SGR_5",2.35704529598604,"T6minusT1",161
"14","00186D1640","M",202,"SGR_6",1.95899277024687,"T7minusT1",190
"24","00186D1646","F",201,"SGR_1",2.6989411841974,"T2minusT1",32
"22","00186D1646","F",201,"SGR_2",2.04922537874768,"T3minusT1",62
"19","00186D1646","F",201,"SGR_3",1.88613972039609,"T4minusT1",98
"21","00186D1646","F",201,"SGR_4",NA,"T5minusT1",NA
"23","00186D1646","F",201,"SGR_5",NA,"T6minusT1",NA
"20","00186D1646","F",201,"SGR_6",NA,"T7minusT1",NA
"25","00186D1648","M",202,"SGR_1",1.66390190392012,"T2minusT1",32
"26","00186D1648","M",202,"SGR_2",0.769759949654514,"T3minusT1",62
"29","00186D1648","M",202,"SGR_3",1.51097082230383,"T4minusT1",98
"30","00186D1648","M",202,"SGR_4",NA,"T5minusT1",NA
"27","00186D1648","M",202,"SGR_5",NA,"T6minusT1",NA
"28","00186D1648","M",202,"SGR_6",NA,"T7minusT1",NA
"35","00186D164C","M",151,"SGR_1",3.76507164437967,"T2minusT1",32
"34","00186D164C","M",151,"SGR_2",3.61719999635901,"T3minusT1",62
"36","00186D164C","M",151,"SGR_3",3.18916983190165,"T4minusT1",98
"33","00186D164C","M",151,"SGR_4",2.86644101981937,"T5minusT1",133
"32","00186D164C","M",151,"SGR_5",2.57902757580459,"T6minusT1",161
"31","00186D164C","M",151,"SGR_6",2.02080509430791,"T7minusT1",244
"40","00186D164E","M",151,"SGR_1",3.54903948781835,"T2minusT1",32
"41","00186D164E","M",151,"SGR_2",3.60745555722939,"T3minusT1",62
"39","00186D164E","M",151,"SGR_3",3.15012636478709,"T4minusT1",98
"42","00186D164E","M",151,"SGR_4",2.80935836318572,"T5minusT1",133
"38","00186D164E","M",151,"SGR_5",2.57456434945293,"T6minusT1",161
"37","00186D164E","M",151,"SGR_6",2.04997900471309,"T7minusT1",244
"44","00186D164F","F",151,"SGR_1",2.97550168223879,"T2minusT1",32
"43","00186D164F","F",151,"SGR_2",3.05080264563227,"T3minusT1",62
"46","00186D164F","F",151,"SGR_3",2.29284583437437,"T4minusT1",98
"48","00186D164F","F",151,"SGR_4",2.11448986099114,"T5minusT1",133
"45","00186D164F","F",151,"SGR_5",2.04020140226517,"T6minusT1",161
"47","00186D164F","F",151,"SGR_6",1.94613511280264,"T7minusT1",190
"53","00186D1654","F",152,"SGR_1",3.2944905700578,"T2minusT1",32
"54","00186D1654","F",152,"SGR_2",3.11013322334528,"T3minusT1",62
"49","00186D1654","F",152,"SGR_3",2.65472097229116,"T4minusT1",98
"52","00186D1654","F",152,"SGR_4",2.40441737315322,"T5minusT1",133
"51","00186D1654","F",152,"SGR_5",2.18997833895853,"T6minusT1",161
"50","00186D1654","F",152,"SGR_6",1.78061615945928,"T7minusT1",244
"60","00186D1655","M",202,"SGR_1",2.55690037998486,"T2minusT1",32
"59","00186D1655","M",202,"SGR_2",2.24996193690974,"T3minusT1",62
"57","00186D1655","M",202,"SGR_3",2.11599733055594,"T4minusT1",98
"56","00186D1655","M",202,"SGR_4",2.09740241199199,"T5minusT1",133
"55","00186D1655","M",202,"SGR_5",1.85902622684868,"T6minusT1",161
"58","00186D1655","M",202,"SGR_6",1.500796905617,"T7minusT1",244
"62","00186D1656","M",202,"SGR_1",3.26988383078417,"T2minusT1",32
"66","00186D1656","M",202,"SGR_2",2.61321850853122,"T3minusT1",62
"63","00186D1656","M",202,"SGR_3",2.64781080827574,"T4minusT1",98
"61","00186D1656","M",202,"SGR_4",2.46498718592425,"T5minusT1",133
"65","00186D1656","M",202,"SGR_5",2.27412677937893,"T6minusT1",161
"64","00186D1656","M",202,"SGR_6",2.05893165351545,"T7minusT1",190
"69","00186D1659","M",202,"SGR_1",2.68317164137559,"T2minusT1",32
"70","00186D1659","M",202,"SGR_2",1.04470483999872,"T3minusT1",62
"71","00186D1659","M",202,"SGR_3",1.3074174985807,"T4minusT1",98
"72","00186D1659","M",202,"SGR_4",1.77844837506758,"T5minusT1",133
"67","00186D1659","M",202,"SGR_5",1.86748751968222,"T6minusT1",161
"68","00186D1659","M",202,"SGR_6",1.9718639470792,"T7minusT1",190
"74","00186D165E","M",201,"SGR_1",2.03402567950237,"T2minusT1",32
"75","00186D165E","M",201,"SGR_2",1.62356931620571,"T3minusT1",62
"78","00186D165E","M",201,"SGR_3",1.54111408485258,"T4minusT1",98
"77","00186D165E","M",201,"SGR_4",NA,"T5minusT1",NA
"73","00186D165E","M",201,"SGR_5",NA,"T6minusT1",NA
"76","00186D165E","M",201,"SGR_6",NA,"T7minusT1",NA
"79","00186D1662","M",201,"SGR_1",2.18971486541166,"T2minusT1",32
"81","00186D1662","M",201,"SGR_2",0.810972790448861,"T3minusT1",62
"80","00186D1662","M",201,"SGR_3",0.830912889472213,"T4minusT1",98
"82","00186D1662","M",201,"SGR_4",1.19427724845023,"T5minusT1",133
"83","00186D1662","M",201,"SGR_5",1.3670557343209,"T6minusT1",161
"84","00186D1662","M",201,"SGR_6",1.40782923469622,"T7minusT1",244
"88","00186D1663","F",202,"SGR_1",2.29448048961669,"T2minusT1",32
"85","00186D1663","F",202,"SGR_2",1.59456226004924,"T3minusT1",62
"86","00186D1663","F",202,"SGR_3",1.62781009020267,"T4minusT1",98
"90","00186D1663","F",202,"SGR_4",1.61304556554565,"T5minusT1",133
"87","00186D1663","F",202,"SGR_5",1.45293074669892,"T6minusT1",161
"89","00186D1663","F",202,"SGR_6",1.35786022774216,"T7minusT1",244
"94","00186D1667","F",152,"SGR_1",2.77360753628788,"T2minusT1",32
"91","00186D1667","F",152,"SGR_2",3.15956233696126,"T3minusT1",62
"95","00186D1667","F",152,"SGR_3",2.66466124041904,"T4minusT1",98
"92","00186D1667","F",152,"SGR_4",NA,"T5minusT1",NA
"93","00186D1667","F",152,"SGR_5",NA,"T6minusT1",NA
"96","00186D1667","F",152,"SGR_6",NA,"T7minusT1",NA
"100","00186D166A","F",152,"SGR_1",2.18971486541166,"T2minusT1",32
"97","00186D166A","F",152,"SGR_2",2.33136434970509,"T3minusT1",62
"99","00186D166A","F",152,"SGR_3",1.93874361425279,"T4minusT1",98
"102","00186D166A","F",152,"SGR_4",1.67676974346369,"T5minusT1",133
"101","00186D166A","F",152,"SGR_5",1.55539252488439,"T6minusT1",161
"98","00186D166A","F",152,"SGR_6",1.51583033968339,"T7minusT1",190
"104","00186D166B","F",201,"SGR_1",3.08877103879339,"T2minusT1",32
"107","00186D166B","F",201,"SGR_2",2.48768999664895,"T3minusT1",62
"106","00186D166B","F",201,"SGR_3",2.53679955747399,"T4minusT1",98
"103","00186D166B","F",201,"SGR_4",2.24329696337842,"T5minusT1",133
"108","00186D166B","F",201,"SGR_5",2.08858900901829,"T6minusT1",161
"105","00186D166B","F",201,"SGR_6",1.85057334881726,"T7minusT1",190
"113","00186D166C","M",152,"SGR_1",3.29689324257061,"T2minusT1",32
"114","00186D166C","M",152,"SGR_2",3.10226782999736,"T3minusT1",62
"110","00186D166C","M",152,"SGR_3",2.76203105084241,"T4minusT1",98
"111","00186D166C","M",152,"SGR_4",2.47820300086139,"T5minusT1",133
"112","00186D166C","M",152,"SGR_5",2.23018033974569,"T6minusT1",161
"109","00186D166C","M",152,"SGR_6",1.88127452905014,"T7minusT1",244
"119","00186D166E","F",202,"SGR_1",1.50995218371923,"T2minusT1",32
"118","00186D166E","F",202,"SGR_2",0.993783739030007,"T3minusT1",62
"116","00186D166E","F",202,"SGR_3",1.03035703525709,"T4minusT1",98
"117","00186D166E","F",202,"SGR_4",1.10409752781881,"T5minusT1",133
"115","00186D166E","F",202,"SGR_5",1.14668212398314,"T6minusT1",161
"120","00186D166E","F",202,"SGR_6",1.0964582252833,"T7minusT1",244
"125","00186D166F","M",202,"SGR_1",2.77360753628788,"T2minusT1",32
"121","00186D166F","M",202,"SGR_2",1.72075061608705,"T3minusT1",62
"123","00186D166F","M",202,"SGR_3",1.89255332122658,"T4minusT1",98
"124","00186D166F","M",202,"SGR_4",1.81088256562913,"T5minusT1",133
"126","00186D166F","M",202,"SGR_5",1.66694422802529,"T6minusT1",161
"122","00186D166F","M",202,"SGR_6",1.55951951673041,"T7minusT1",190
"129","00186D1670","F",201,"SGR_1",2.58198760778205,"T2minusT1",32
"131","00186D1670","F",201,"SGR_2",2.5105690188576,"T3minusT1",62
"128","00186D1670","F",201,"SGR_3",2.34042007715025,"T4minusT1",98
"132","00186D1670","F",201,"SGR_4",2.16284713318879,"T5minusT1",133
"130","00186D1670","F",201,"SGR_5",1.98430970192558,"T6minusT1",161
"127","00186D1670","F",201,"SGR_6",1.57951846459132,"T7minusT1",244
"138","00186D1675","M",152,"SGR_1",3.26988383078417,"T2minusT1",32
"135","00186D1675","M",152,"SGR_2",3.38278751089707,"T3minusT1",62
"136","00186D1675","M",152,"SGR_3",3.02774958419976,"T4minusT1",98
"137","00186D1675","M",152,"SGR_4",2.78354284590121,"T5minusT1",133
"133","00186D1675","M",152,"SGR_5",2.57850846427783,"T6minusT1",161
"134","00186D1675","M",152,"SGR_6",2.38570105709484,"T7minusT1",190
"143","00186D167A","F",201,"SGR_1",3.21175116862575,"T2minusT1",32
"139","00186D167A","F",201,"SGR_2",1.96907146833234,"T3minusT1",62
"141","00186D167A","F",201,"SGR_3",1.37156683329671,"T4minusT1",98
"142","00186D167A","F",201,"SGR_4",NA,"T5minusT1",NA
"144","00186D167A","F",201,"SGR_5",NA,"T6minusT1",NA
"140","00186D167A","F",201,"SGR_6",NA,"T7minusT1",NA
"150","00186D167B","F",201,"SGR_1",2.7857507075342,"T2minusT1",32
"146","00186D167B","F",201,"SGR_2",1.97575278960194,"T3minusT1",62
"149","00186D167B","F",201,"SGR_3",1.97807794082663,"T4minusT1",98
"145","00186D167B","F",201,"SGR_4",1.88881004733656,"T5minusT1",133
"147","00186D167B","F",201,"SGR_5",1.83035350856475,"T6minusT1",161
"148","00186D167B","F",201,"SGR_6",1.71245633151353,"T7minusT1",190
"154","00186D1680","F",202,"SGR_1",2.24431930119804,"T2minusT1",32
"152","00186D1680","F",202,"SGR_2",0.67467510844399,"T3minusT1",62
"155","00186D1680","F",202,"SGR_3",1.27114837018349,"T4minusT1",98
"153","00186D1680","F",202,"SGR_4",0.98643729493122,"T5minusT1",133
"156","00186D1680","F",202,"SGR_5",1.08955245906743,"T6minusT1",161
"151","00186D1680","F",202,"SGR_6",1.04787047479358,"T7minusT1",244
"158","00186D1683","F",152,"SGR_1",3.16959751571222,"T2minusT1",32
"157","00186D1683","F",152,"SGR_2",2.89209956301837,"T3minusT1",62
"160","00186D1683","F",152,"SGR_3",2.42837881355307,"T4minusT1",98
"162","00186D1683","F",152,"SGR_4",2.12348336854551,"T5minusT1",133
"159","00186D1683","F",152,"SGR_5",1.97635891623837,"T6minusT1",161
"161","00186D1683","F",152,"SGR_6",1.77515821525223,"T7minusT1",244
"165","00186D1684","M",202,"SGR_1",1.73375280867012,"T2minusT1",32
"168","00186D1684","M",202,"SGR_2",0.691807841163405,"T3minusT1",62
"164","00186D1684","M",202,"SGR_3",0.953018655214932,"T4minusT1",98
"167","00186D1684","M",202,"SGR_4",0.878384837574697,"T5minusT1",133
"166","00186D1684","M",202,"SGR_5",0.737970609995608,"T6minusT1",161
"163","00186D1684","M",202,"SGR_6",0.615263055502768,"T7minusT1",244
"173","00186D1685","M",201,"SGR_1",2.43265876138286,"T2minusT1",32
"170","00186D1685","M",201,"SGR_2",1.72912473094953,"T3minusT1",62
"172","00186D1685","M",201,"SGR_3",1.94091673972712,"T4minusT1",98
"174","00186D1685","M",201,"SGR_4",1.86548633149133,"T5minusT1",133
"169","00186D1685","M",201,"SGR_5",1.77533484125099,"T6minusT1",161
"171","00186D1685","M",201,"SGR_6",1.34842306880816,"T7minusT1",244
"180","00186D1687","F",202,"SGR_1",1.81427452121228,"T2minusT1",32
"178","00186D1687","F",202,"SGR_2",1.93323290933092,"T3minusT1",62
"177","00186D1687","F",202,"SGR_3",1.94598996304647,"T4minusT1",98
"179","00186D1687","F",202,"SGR_4",NA,"T5minusT1",NA
"175","00186D1687","F",202,"SGR_5",NA,"T6minusT1",NA
"176","00186D1687","F",202,"SGR_6",NA,"T7minusT1",NA
"181","00186D1688","M",151,"SGR_1",1.96445135440793,"T2minusT1",32
"183","00186D1688","M",151,"SGR_2",2.45559639746744,"T3minusT1",62
"185","00186D1688","M",151,"SGR_3",2.53174336777082,"T4minusT1",98
"182","00186D1688","M",151,"SGR_4",2.2567270057519,"T5minusT1",133
"184","00186D1688","M",151,"SGR_5",2.18045875047095,"T6minusT1",161
"186","00186D1688","M",151,"SGR_6",1.82681210050215,"T7minusT1",244
"187","00186D1689","M",202,"SGR_1",2.33176703560192,"T2minusT1",32
"188","00186D1689","M",202,"SGR_2",2.01962536270119,"T3minusT1",62
"189","00186D1689","M",202,"SGR_3",2.0960751494874,"T4minusT1",98
"190","00186D1689","M",202,"SGR_4",NA,"T5minusT1",NA
"191","00186D1689","M",202,"SGR_5",NA,"T6minusT1",NA
"192","00186D1689","M",202,"SGR_6",NA,"T7minusT1",NA
"196","00186D1690","M",151,"SGR_1",2.96849868708196,"T2minusT1",32
"195","00186D1690","M",151,"SGR_2",3.16439224705585,"T3minusT1",62
"194","00186D1690","M",151,"SGR_3",2.57239120614894,"T4minusT1",98
"198","00186D1690","M",151,"SGR_4",2.3754168532699,"T5minusT1",133
"197","00186D1690","M",151,"SGR_5",2.28675706114068,"T6minusT1",161
"193","00186D1690","M",151,"SGR_6",1.92487070106966,"T7minusT1",244
"202","00186D1695","F",151,"SGR_1",2.49453483760647,"T2minusT1",32
"203","00186D1695","F",151,"SGR_2",2.52748116930888,"T3minusT1",62
"204","00186D1695","F",151,"SGR_3",2.11146501871859,"T4minusT1",98
"199","00186D1695","F",151,"SGR_4",1.96473910137707,"T5minusT1",133
"200","00186D1695","F",151,"SGR_5",1.96659965959352,"T6minusT1",161
"201","00186D1695","F",151,"SGR_6",1.70884898200243,"T7minusT1",244
"207","00186D1696","F",201,"SGR_1",2.823414013022,"T2minusT1",32
"209","00186D1696","F",201,"SGR_2",1.9505589297542,"T3minusT1",62
"206","00186D1696","F",201,"SGR_3",1.8771262384176,"T4minusT1",98
"210","00186D1696","F",201,"SGR_4",1.76055238941757,"T5minusT1",133
"208","00186D1696","F",201,"SGR_5",1.73206247037949,"T6minusT1",161
"205","00186D1696","F",201,"SGR_6",1.35605246515365,"T7minusT1",244
"212","00186D1697","M",151,"SGR_1",2.71575423788097,"T2minusT1",32
"211","00186D1697","M",151,"SGR_2",3.00935971275973,"T3minusT1",62
"216","00186D1697","M",151,"SGR_3",2.69138661113635,"T4minusT1",98
"213","00186D1697","M",151,"SGR_4",2.44973211146466,"T5minusT1",133
"214","00186D1697","M",151,"SGR_5",2.26630409081756,"T6minusT1",161
"215","00186D1697","M",151,"SGR_6",1.82497671881092,"T7minusT1",244
"222","00186D1699","F",152,"SGR_1",2.2648854627046,"T2minusT1",32
"218","00186D1699","F",152,"SGR_2",2.73674122572782,"T3minusT1",62
"219","00186D1699","F",152,"SGR_3",2.58452304179064,"T4minusT1",98
"217","00186D1699","F",152,"SGR_4",NA,"T5minusT1",NA
"220","00186D1699","F",152,"SGR_5",NA,"T6minusT1",NA
"221","00186D1699","F",152,"SGR_6",NA,"T7minusT1",NA
"224","00186D169A","F",152,"SGR_1",2.90479818648632,"T2minusT1",32
"226","00186D169A","F",152,"SGR_2",3.15835270102758,"T3minusT1",62
"227","00186D169A","F",152,"SGR_3",2.85304379046376,"T4minusT1",98
"225","00186D169A","F",152,"SGR_4",2.4854851189724,"T5minusT1",133
"228","00186D169A","F",152,"SGR_5",2.30463881689786,"T6minusT1",161
"223","00186D169A","F",152,"SGR_6",1.91738043236367,"T7minusT1",244
"232","00186D169B","F",151,"SGR_1",3.55213757890365,"T2minusT1",32
"229","00186D169B","F",151,"SGR_2",3.39919407521758,"T3minusT1",62
"234","00186D169B","F",151,"SGR_3",2.76629371484935,"T4minusT1",98
"233","00186D169B","F",151,"SGR_4",2.68306724242848,"T5minusT1",133
"231","00186D169B","F",151,"SGR_5",2.39412825779557,"T6minusT1",161
"230","00186D169B","F",151,"SGR_6",2.01223341791834,"T7minusT1",244
"236","00186D169C","F",152,"SGR_1",2.90479818648632,"T2minusT1",32
"237","00186D169C","F",152,"SGR_2",3.20018352828537,"T3minusT1",62
"235","00186D169C","F",152,"SGR_3",2.78777047674232,"T4minusT1",98
"238","00186D169C","F",152,"SGR_4",NA,"T5minusT1",NA
"240","00186D169C","F",152,"SGR_5",NA,"T6minusT1",NA
"239","00186D169C","F",152,"SGR_6",NA,"T7minusT1",NA
"241","00186D16A0","M",201,"SGR_1",2.56653964664324,"T2minusT1",32
"242","00186D16A0","M",201,"SGR_2",2.37729367879087,"T3minusT1",62
"243","00186D16A0","M",201,"SGR_3",2.10020116571663,"T4minusT1",98
"244","00186D16A0","M",201,"SGR_4",NA,"T5minusT1",NA
"246","00186D16A0","M",201,"SGR_5",NA,"T6minusT1",NA
"245","00186D16A0","M",201,"SGR_6",NA,"T7minusT1",NA
"250","00186D16A1","M",202,"SGR_1",2.37779066107073,"T2minusT1",32
"248","00186D16A1","M",202,"SGR_2",0.797479977603688,"T3minusT1",62
"249","00186D16A1","M",202,"SGR_3",0.465094710418978,"T4minusT1",98
"251","00186D16A1","M",202,"SGR_4",0.881252496480656,"T5minusT1",133
"252","00186D16A1","M",202,"SGR_5",1.04871689620925,"T6minusT1",161
"247","00186D16A1","M",202,"SGR_6",1.1708664242664,"T7minusT1",244
"255","00186D16A3","F",152,"SGR_1",3.05450487885108,"T2minusT1",32
"253","00186D16A3","F",152,"SGR_2",3.07114896816871,"T3minusT1",62
"258","00186D16A3","F",152,"SGR_3",2.82490866545957,"T4minusT1",98
"254","00186D16A3","F",152,"SGR_4",2.60362323380803,"T5minusT1",133
"256","00186D16A3","F",152,"SGR_5",2.42150696326693,"T6minusT1",161
"257","00186D16A3","F",152,"SGR_6",1.97071088920031,"T7minusT1",244
"264","00186D16A6","F",152,"SGR_1",1.72904650693906,"T2minusT1",32
"262","00186D16A6","F",152,"SGR_2",2.2452087040586,"T3minusT1",62
"261","00186D16A6","F",152,"SGR_3",2.17905666866762,"T4minusT1",98
"260","00186D16A6","F",152,"SGR_4",2.0207456008309,"T5minusT1",133
"259","00186D16A6","F",152,"SGR_5",1.8865839936554,"T6minusT1",161
"263","00186D16A6","F",152,"SGR_6",1.59820830676971,"T7minusT1",244
"269","00186D16A7","F",201,"SGR_1",3.15700432333301,"T2minusT1",32
"270","00186D16A7","F",201,"SGR_2",2.70186071838752,"T3minusT1",62
"265","00186D16A7","F",201,"SGR_3",2.49447154751741,"T4minusT1",98
"268","00186D16A7","F",201,"SGR_4",2.27370494329453,"T5minusT1",133
"266","00186D16A7","F",201,"SGR_5",1.96250710766379,"T6minusT1",161
"267","00186D16A7","F",201,"SGR_6",1.56438536166523,"T7minusT1",244
"275","00186D16A9","F",201,"SGR_1",1.8538068771883,"T2minusT1",32
"272","00186D16A9","F",201,"SGR_2",2.26114356012683,"T3minusT1",62
"274","00186D16A9","F",201,"SGR_3",2.23201742374142,"T4minusT1",98
"271","00186D16A9","F",201,"SGR_4",2.15983466277547,"T5minusT1",133
"276","00186D16A9","F",201,"SGR_5",1.92536637296818,"T6minusT1",161
"273","00186D16A9","F",201,"SGR_6",1.50198206112278,"T7minusT1",244
"278","00186D16AA","M",152,"SGR_1",3.42875186768685,"T2minusT1",32
"282","00186D16AA","M",152,"SGR_2",3.1953156080327,"T3minusT1",62
"279","00186D16AA","M",152,"SGR_3",2.75775116605455,"T4minusT1",98
"280","00186D16AA","M",152,"SGR_4",NA,"T5minusT1",NA
"281","00186D16AA","M",152,"SGR_5",NA,"T6minusT1",NA
"277","00186D16AA","M",152,"SGR_6",NA,"T7minusT1",NA
"284","00186D16AB","M",151,"SGR_1",3.33035002536772,"T2minusT1",32
"287","00186D16AB","M",151,"SGR_2",3.21608021855624,"T3minusT1",62
"285","00186D16AB","M",151,"SGR_3",2.8618268180002,"T4minusT1",98
"288","00186D16AB","M",151,"SGR_4",NA,"T5minusT1",NA
"286","00186D16AB","M",151,"SGR_5",NA,"T6minusT1",NA
"283","00186D16AB","M",151,"SGR_6",NA,"T7minusT1",NA
"294","00186D16AE","M",152,"SGR_1",3.49277670798647,"T2minusT1",32
"292","00186D16AE","M",152,"SGR_2",3.85537437901835,"T3minusT1",62
"289","00186D16AE","M",152,"SGR_3",3.43965617242099,"T4minusT1",98
"291","00186D16AE","M",152,"SGR_4",3.03564708937172,"T5minusT1",133
"290","00186D16AE","M",152,"SGR_5",2.68242661554967,"T6minusT1",161
"293","00186D16AE","M",152,"SGR_6",2.12047383927785,"T7minusT1",244
"299","00186D16B0","M",152,"SGR_1",1.2751399143162,"T2minusT1",32
"295","00186D16B0","M",152,"SGR_2",1.54734743088145,"T3minusT1",62
"298","00186D16B0","M",152,"SGR_3",1.76330316058395,"T4minusT1",98
"296","00186D16B0","M",152,"SGR_4",NA,"T5minusT1",NA
"297","00186D16B0","M",152,"SGR_5",NA,"T6minusT1",NA
"300","00186D16B0","M",152,"SGR_6",NA,"T7minusT1",NA
"306","00186D16B1","M",202,"SGR_1",1.74018209343303,"T2minusT1",32
"304","00186D16B1","M",202,"SGR_2",1.20794790930432,"T3minusT1",62
"305","00186D16B1","M",202,"SGR_3",1.18028406968835,"T4minusT1",98
"303","00186D16B1","M",202,"SGR_4",1.73006415249606,"T5minusT1",133
"301","00186D16B1","M",202,"SGR_5",1.72016805298876,"T6minusT1",161
"302","00186D16B1","M",202,"SGR_6",1.4813131845534,"T7minusT1",244
"309","00186D16B2","F",202,"SGR_1",2.53903068359895,"T2minusT1",32
"308","00186D16B2","F",202,"SGR_2",1.98597988585385,"T3minusT1",62
"312","00186D16B2","F",202,"SGR_3",2.0054672154046,"T4minusT1",98
"310","00186D16B2","F",202,"SGR_4",1.98702823670147,"T5minusT1",133
"311","00186D16B2","F",202,"SGR_5",1.90667769167661,"T6minusT1",161
"307","00186D16B2","F",202,"SGR_6",1.56732974321716,"T7minusT1",244
"315","00186D16B3","M",151,"SGR_1",2.7337181795458,"T2minusT1",32
"316","00186D16B3","M",151,"SGR_2",2.84805427810941,"T3minusT1",62
"314","00186D16B3","M",151,"SGR_3",2.54518199178273,"T4minusT1",98
"317","00186D16B3","M",151,"SGR_4",NA,"T5minusT1",NA
"318","00186D16B3","M",151,"SGR_5",NA,"T6minusT1",NA
"313","00186D16B3","M",151,"SGR_6",NA,"T7minusT1",NA
"323","00186D16B5","F",201,"SGR_1",1.7092059977676,"T2minusT1",32
"320","00186D16B5","F",201,"SGR_2",1.33818990603938,"T3minusT1",62
"322","00186D16B5","F",201,"SGR_3",1.9505258577041,"T4minusT1",98
"321","00186D16B5","F",201,"SGR_4",2.10461216901263,"T5minusT1",133
"319","00186D16B5","F",201,"SGR_5",2.00817053267033,"T6minusT1",161
"324","00186D16B5","F",201,"SGR_6",1.8611892122546,"T7minusT1",190
"328","00186D16B8","F",152,"SGR_1",2.90479818648632,"T2minusT1",32
"329","00186D16B8","F",152,"SGR_2",2.98167210535554,"T3minusT1",62
"327","00186D16B8","F",152,"SGR_3",2.28826281420611,"T4minusT1",98
"326","00186D16B8","F",152,"SGR_4",2.07764787679534,"T5minusT1",133
"325","00186D16B8","F",152,"SGR_5",1.63183659450157,"T6minusT1",161
"330","00186D16B8","F",152,"SGR_6",1.63399876936818,"T7minusT1",244
"335","00186D16B9","M",202,"SGR_1",2.79201425045448,"T2minusT1",32
"333","00186D16B9","M",202,"SGR_2",2.18849800575842,"T3minusT1",62
"331","00186D16B9","M",202,"SGR_3",2.12642539790153,"T4minusT1",98
"334","00186D16B9","M",202,"SGR_4",2.06751075841949,"T5minusT1",133
"332","00186D16B9","M",202,"SGR_5",1.92338794626428,"T6minusT1",161
"336","00186D16B9","M",202,"SGR_6",1.82259974414682,"T7minusT1",190
"340","00186D16BB","F",202,"SGR_1",3.61046195923336,"T2minusT1",32
"342","00186D16BB","F",202,"SGR_2",3.16171066680633,"T3minusT1",62
"339","00186D16BB","F",202,"SGR_3",2.59671940971771,"T4minusT1",98
"341","00186D16BB","F",202,"SGR_4",2.353250432843,"T5minusT1",133
"337","00186D16BB","F",202,"SGR_5",2.11472686114824,"T6minusT1",161
"338","00186D16BB","F",202,"SGR_6",1.94075039226991,"T7minusT1",190
"345","00186D16BD","M",201,"SGR_1",2.58198760778205,"T2minusT1",32
"347","00186D16BD","M",201,"SGR_2",1.29268942690708,"T3minusT1",62
"343","00186D16BD","M",201,"SGR_3",1.28009582620292,"T4minusT1",98
"344","00186D16BD","M",201,"SGR_4",1.6082854880521,"T5minusT1",133
"348","00186D16BD","M",201,"SGR_5",1.65071022617742,"T6minusT1",161
"346","00186D16BD","M",201,"SGR_6",NA,"T7minusT1",NA
"350","00186D16C5","F",202,"SGR_1",2.33176703560192,"T2minusT1",32
"353","00186D16C5","F",202,"SGR_2",1.45883146879899,"T3minusT1",62
"352","00186D16C5","F",202,"SGR_3",1.86849947938097,"T4minusT1",98
"349","00186D16C5","F",202,"SGR_4",1.7736686373389,"T5minusT1",133
"354","00186D16C5","F",202,"SGR_5",1.68465470030508,"T6minusT1",161
"351","00186D16C5","F",202,"SGR_6",1.4852298347301,"T7minusT1",244
"360","00186D16C8","F",152,"SGR_1",2.06454304264765,"T2minusT1",32
"358","00186D16C8","F",152,"SGR_2",1.70135704310959,"T3minusT1",62
"359","00186D16C8","F",152,"SGR_3",1.42463869673273,"T4minusT1",98
"356","00186D16C8","F",152,"SGR_4",1.22907479609855,"T5minusT1",133
"355","00186D16C8","F",152,"SGR_5",1.14281609175031,"T6minusT1",161
"357","00186D16C8","F",152,"SGR_6",0.99316361416506,"T7minusT1",190
"363","00186D16CA","M",152,"SGR_1",2.78350532497134,"T2minusT1",32
"365","00186D16CA","M",152,"SGR_2",2.94231555199129,"T3minusT1",62
"364","00186D16CA","M",152,"SGR_3",2.53189531651186,"T4minusT1",98
"362","00186D16CA","M",152,"SGR_4",NA,"T5minusT1",NA
"361","00186D16CA","M",152,"SGR_5",NA,"T6minusT1",NA
"366","00186D16CA","M",152,"SGR_6",NA,"T7minusT1",NA
"368","00186D16CC","M",151,"SGR_1",2.94740067104775,"T2minusT1",32
"370","00186D16CC","M",151,"SGR_2",3.14010355399161,"T3minusT1",62
"367","00186D16CC","M",151,"SGR_3",2.59671940971771,"T4minusT1",98
"371","00186D16CC","M",151,"SGR_4",NA,"T5minusT1",NA
"369","00186D16CC","M",151,"SGR_5",NA,"T6minusT1",NA
"372","00186D16CC","M",151,"SGR_6",NA,"T7minusT1",NA
"373","00186D16CD","M",152,"SGR_1",2.62229888725711,"T2minusT1",32
"374","00186D16CD","M",152,"SGR_2",2.88034169942242,"T3minusT1",62
"378","00186D16CD","M",152,"SGR_3",2.69952578073533,"T4minusT1",98
"376","00186D16CD","M",152,"SGR_4",2.46419171817469,"T5minusT1",133
"375","00186D16CD","M",152,"SGR_5",2.17961015022692,"T6minusT1",161
"377","00186D16CD","M",152,"SGR_6",1.68646239204033,"T7minusT1",244
"382","00186D16D7","M",202,"SGR_1",2.6430683384556,"T2minusT1",32
"379","00186D16D7","M",202,"SGR_2",1.9026660583138,"T3minusT1",62
"380","00186D16D7","M",202,"SGR_3",2.22626712121254,"T4minusT1",98
"381","00186D16D7","M",202,"SGR_4",NA,"T5minusT1",NA
"383","00186D16D7","M",202,"SGR_5",NA,"T6minusT1",NA
"384","00186D16D7","M",202,"SGR_6",NA,"T7minusT1",NA
"385","00186D16D9","F",202,"SGR_1",2.81982987914731,"T2minusT1",32
"386","00186D16D9","F",202,"SGR_2",2.18785228728853,"T3minusT1",62
"389","00186D16D9","F",202,"SGR_3",2.18892020335775,"T4minusT1",98
"390","00186D16D9","F",202,"SGR_4",2.02752939034307,"T5minusT1",133
"387","00186D16D9","F",202,"SGR_5",1.81452127269701,"T6minusT1",161
"388","00186D16D9","F",202,"SGR_6",1.30949320853408,"T7minusT1",244
"394","00186D16DB","M",152,"SGR_1",3.49277670798647,"T2minusT1",32
"392","00186D16DB","M",152,"SGR_2",3.60745555722939,"T3minusT1",62
"391","00186D16DB","M",152,"SGR_3",3.02208232167542,"T4minusT1",98
"395","00186D16DB","M",152,"SGR_4",2.80513473070061,"T5minusT1",133
"396","00186D16DB","M",152,"SGR_5",2.55133461478227,"T6minusT1",161
"393","00186D16DB","M",152,"SGR_6",2.30727696079733,"T7minusT1",190
"399","00186D16DE","M",201,"SGR_1",2.39167147607886,"T2minusT1",32
"397","00186D16DE","M",201,"SGR_2",1.88030637922709,"T3minusT1",62
"398","00186D16DE","M",201,"SGR_3",1.65584318832235,"T4minusT1",98
"400","00186D16DE","M",201,"SGR_4",1.88313316715409,"T5minusT1",133
"402","00186D16DE","M",201,"SGR_5",1.66240328598077,"T6minusT1",161
"401","00186D16DE","M",201,"SGR_6",1.38835793845697,"T7minusT1",244
"405","00186D16E3","M",201,"SGR_1",2.56653964664324,"T2minusT1",32
"406","00186D16E3","M",201,"SGR_2",1.91924157751102,"T3minusT1",62
"404","00186D16E3","M",201,"SGR_3",1.52332750093975,"T4minusT1",98
"408","00186D16E3","M",201,"SGR_4",1.96473910137707,"T5minusT1",133
"407","00186D16E3","M",201,"SGR_5",1.9748074427979,"T6minusT1",161
"403","00186D16E3","M",201,"SGR_6",1.56768967431238,"T7minusT1",244
"413","00186D16E5","F",201,"SGR_1",1.58462274862761,"T2minusT1",32
"412","00186D16E5","F",201,"SGR_2",1.8497261588984,"T3minusT1",62
"410","00186D16E5","F",201,"SGR_3",1.75475696049667,"T4minusT1",98
"414","00186D16E5","F",201,"SGR_4",1.82195179869786,"T5minusT1",133
"411","00186D16E5","F",201,"SGR_5",1.74155927757711,"T6minusT1",161
"409","00186D16E5","F",201,"SGR_6",1.41783727557112,"T7minusT1",244
"416","00186D16E6","M",151,"SGR_1",3.36600876934889,"T2minusT1",32
"415","00186D16E6","M",151,"SGR_2",3.5119828335572,"T3minusT1",62
"417","00186D16E6","M",151,"SGR_3",3.15155301175165,"T4minusT1",98
"419","00186D16E6","M",151,"SGR_4",NA,"T5minusT1",NA
"420","00186D16E6","M",151,"SGR_5",NA,"T6minusT1",NA
"418","00186D16E6","M",151,"SGR_6",NA,"T7minusT1",NA
"426","00186D16E7","F",201,"SGR_1",2.32016017581933,"T2minusT1",32
"425","00186D16E7","F",201,"SGR_2",NA,"T3minusT1",62
"424","00186D16E7","F",201,"SGR_3",1.62068303735516,"T4minusT1",98
"423","00186D16E7","F",201,"SGR_4",1.62954231754742,"T5minusT1",133
"421","00186D16E7","F",201,"SGR_5",1.55539252488439,"T6minusT1",161
"422","00186D16E7","F",201,"SGR_6",1.26210753286402,"T7minusT1",244
"430","00186D16EA","M",201,"SGR_1",2.04126444857464,"T2minusT1",32
"427","00186D16EA","M",201,"SGR_2",1.71140254589917,"T3minusT1",62
"431","00186D16EA","M",201,"SGR_3",1.95705731922036,"T4minusT1",98
"432","00186D16EA","M",201,"SGR_4",2.04528370661292,"T5minusT1",133
"428","00186D16EA","M",201,"SGR_5",1.97530150322194,"T6minusT1",161
"429","00186D16EA","M",201,"SGR_6",1.60117735558343,"T7minusT1",244
"436","00186D16EB","M",201,"SGR_1",2.65895665292777,"T2minusT1",32
"434","00186D16EB","M",201,"SGR_2",2.12559215701504,"T3minusT1",62
"437","00186D16EB","M",201,"SGR_3",2.13767144817276,"T4minusT1",98
"438","00186D16EB","M",201,"SGR_4",2.04341767223455,"T5minusT1",133
"435","00186D16EB","M",201,"SGR_5",1.88309839268175,"T6minusT1",161
"433","00186D16EB","M",201,"SGR_6",1.39335953719992,"T7minusT1",244
"444","00186D16EF","M",152,"SGR_1",3.11254897410373,"T2minusT1",32
"443","00186D16EF","M",152,"SGR_2",3.16840666199343,"T3minusT1",62
"442","00186D16EF","M",152,"SGR_3",2.61773039898345,"T4minusT1",98
"440","00186D16EF","M",152,"SGR_4",2.33063125756006,"T5minusT1",133
"441","00186D16EF","M",152,"SGR_5",2.22524949798046,"T6minusT1",161
"439","00186D16EF","M",152,"SGR_6",1.97295947286313,"T7minusT1",244
"450","00186D16F3","F",152,"SGR_1",1.96445135440793,"T2minusT1",32
"447","00186D16F3","F",152,"SGR_2",2.52107179166443,"T3minusT1",62
"446","00186D16F3","F",152,"SGR_3",2.57593859284992,"T4minusT1",98
"448","00186D16F3","F",152,"SGR_4",2.54577808097123,"T5minusT1",133
"449","00186D16F3","F",152,"SGR_5",2.37761135648691,"T6minusT1",161
"445","00186D16F3","F",152,"SGR_6",1.93248316731454,"T7minusT1",244
"456","00186D16F5","F",151,"SGR_1",3.24417228350986,"T2minusT1",32
"451","00186D16F5","F",151,"SGR_2",3.06507075712572,"T3minusT1",62
"454","00186D16F5","F",151,"SGR_3",2.54353026139893,"T4minusT1",98
"455","00186D16F5","F",151,"SGR_4",2.21805359160754,"T5minusT1",133
"453","00186D16F5","F",151,"SGR_5",2.05502077447703,"T6minusT1",161
"452","00186D16F5","F",151,"SGR_6",NA,"T7minusT1",NA
"461","00186D16F6","F",151,"SGR_1",2.87077413048682,"T2minusT1",32
"458","00186D16F6","F",151,"SGR_2",3.15037292532538,"T3minusT1",62
"459","00186D16F6","F",151,"SGR_3",2.92342947434032,"T4minusT1",98
"457","00186D16F6","F",151,"SGR_4",NA,"T5minusT1",NA
"462","00186D16F6","F",151,"SGR_5",NA,"T6minusT1",NA
"460","00186D16F6","F",151,"SGR_6",NA,"T7minusT1",NA
"467","00186D16FA","F",152,"SGR_1",3.15258542292989,"T2minusT1",32
"465","00186D16FA","F",152,"SGR_2",3.10300348395158,"T3minusT1",62
"466","00186D16FA","F",152,"SGR_3",2.68749847511902,"T4minusT1",98
"468","00186D16FA","F",152,"SGR_4",2.43417117340385,"T5minusT1",133
"463","00186D16FA","F",152,"SGR_5",2.25513888565732,"T6minusT1",161
"464","00186D16FA","F",152,"SGR_6",1.83719000288252,"T7minusT1",244
"470","00186D16FE","M",152,"SGR_1",2.09442601404541,"T2minusT1",32
"472","00186D16FE","M",152,"SGR_2",2.59044700351658,"T3minusT1",62
"469","00186D16FE","M",152,"SGR_3",2.30095198522324,"T4minusT1",98
"471","00186D16FE","M",152,"SGR_4",2.1287905376725,"T5minusT1",133
"474","00186D16FE","M",152,"SGR_5",2.0253578048141,"T6minusT1",161
"473","00186D16FE","M",152,"SGR_6",1.79523175898215,"T7minusT1",244
"476","00186D16FF","F",201,"SGR_1",2.44564548710282,"T2minusT1",32
"479","00186D16FF","F",201,"SGR_2",2.21468982266082,"T3minusT1",62
"478","00186D16FF","F",201,"SGR_3",2.26092769862161,"T4minusT1",98
"480","00186D16FF","F",201,"SGR_4",2.12757071047822,"T5minusT1",133
"477","00186D16FF","F",201,"SGR_5",1.96965191801262,"T6minusT1",161
"475","00186D16FF","F",201,"SGR_6",1.66793984098492,"T7minusT1",244
"486","00186D1703","M",202,"SGR_1",2.68317164137559,"T2minusT1",32
"482","00186D1703","M",202,"SGR_2",0.961143994182057,"T3minusT1",62
"483","00186D1703","M",202,"SGR_3",0.847117469104286,"T4minusT1",98
"481","00186D1703","M",202,"SGR_4",1.34411026455643,"T5minusT1",133
"485","00186D1703","M",202,"SGR_5",1.03953229437288,"T6minusT1",161
"484","00186D1703","M",202,"SGR_6",1.17483133300853,"T7minusT1",244
"492","001872939D","F",202,"SGR_1",1.67203794948929,"T2minusT1",32
"489","001872939D","F",202,"SGR_2",1.45579827366875,"T3minusT1",62
"491","001872939D","F",202,"SGR_3",1.14439828574278,"T4minusT1",98
"488","001872939D","F",202,"SGR_4",1.40549831848638,"T5minusT1",133
"487","001872939D","F",202,"SGR_5",1.48895508264257,"T6minusT1",161
"490","001872939D","F",202,"SGR_6",1.35058168592668,"T7minusT1",244
"494","00187293A2","F",202,"SGR_1",2.63701073281273,"T2minusT1",32
"493","00187293A2","F",202,"SGR_2",2.19812194035049,"T3minusT1",62
"496","00187293A2","F",202,"SGR_3",2.17029119114587,"T4minusT1",98
"495","00187293A2","F",202,"SGR_4",1.83648539373664,"T5minusT1",133
"498","00187293A2","F",202,"SGR_5",1.72102126707627,"T6minusT1",161
"497","00187293A2","F",202,"SGR_6",1.15804860793856,"T7minusT1",244
"501","00187293A4","M",152,"SGR_1",2.88254600604771,"T2minusT1",32
"500","00187293A4","M",152,"SGR_2",2.83388024077593,"T3minusT1",62
"503","00187293A4","M",152,"SGR_3",2.44371306077862,"T4minusT1",98
"499","00187293A4","M",152,"SGR_4",NA,"T5minusT1",NA
"502","00187293A4","M",152,"SGR_5",NA,"T6minusT1",NA
"504","00187293A4","M",152,"SGR_6",NA,"T7minusT1",NA
"505","00187293A7","F",152,"SGR_1",2.53587218619478,"T2minusT1",32
"507","00187293A7","F",152,"SGR_2",2.41846651655386,"T3minusT1",62
"509","00187293A7","F",152,"SGR_3",2.12955489679498,"T4minusT1",98
"506","00187293A7","F",152,"SGR_4",1.914558847723,"T5minusT1",133
"508","00187293A7","F",152,"SGR_5",1.80237506709369,"T6minusT1",161
"510","00187293A7","F",152,"SGR_6",1.72365841719646,"T7minusT1",190
"514","00187293A8","M",201,"SGR_1",3.04694096441689,"T2minusT1",32
"512","00187293A8","M",201,"SGR_2",2.60835796843495,"T3minusT1",62
"515","00187293A8","M",201,"SGR_3",2.26738909276452,"T4minusT1",98
"513","00187293A8","M",201,"SGR_4",2.00052837161995,"T5minusT1",133
"511","00187293A8","M",201,"SGR_5",1.60432640310038,"T6minusT1",161
"516","00187293A8","M",201,"SGR_6",1.59005841187649,"T7minusT1",190
"519","00187293B2","F",152,"SGR_1",2.68317164137559,"T2minusT1",32
"522","00187293B2","F",152,"SGR_2",2.79490555279158,"T3minusT1",62
"518","00187293B2","F",152,"SGR_3",2.69691643666066,"T4minusT1",98
"521","00187293B2","F",152,"SGR_4",2.40906980734177,"T5minusT1",133
"517","00187293B2","F",152,"SGR_5",2.25074363326248,"T6minusT1",161
"520","00187293B2","F",152,"SGR_6",2.07670858107649,"T7minusT1",190
"528","00187293BA","M",152,"SGR_1",2.76548730856034,"T2minusT1",32
"526","00187293BA","M",152,"SGR_2",2.83724803509258,"T3minusT1",62
"525","00187293BA","M",152,"SGR_3",2.24967297287626,"T4minusT1",98
"524","00187293BA","M",152,"SGR_4",1.99404568809263,"T5minusT1",133
"523","00187293BA","M",152,"SGR_5",1.85766299304486,"T6minusT1",161
"527","00187293BA","M",152,"SGR_6",1.60235307592342,"T7minusT1",244
"530","00187293BC","F",152,"SGR_1",3.59550769121377,"T2minusT1",32
"529","00187293BC","F",152,"SGR_2",3.43750725541057,"T3minusT1",62
"531","00187293BC","F",152,"SGR_3",2.91310997853038,"T4minusT1",98
"532","00187293BC","F",152,"SGR_4",2.54852785282453,"T5minusT1",133
"534","00187293BC","F",152,"SGR_5",2.39073366580924,"T6minusT1",161
"533","00187293BC","F",152,"SGR_6",1.98704264930498,"T7minusT1",244
"537","00187293C0","F",202,"SGR_1",2.18971486541166,"T2minusT1",32
"539","00187293C0","F",202,"SGR_2",1.41847157172243,"T3minusT1",62
"538","00187293C0","F",202,"SGR_3",1.58819142100171,"T4minusT1",98
"535","00187293C0","F",202,"SGR_4",1.59806090460659,"T5minusT1",133
"536","00187293C0","F",202,"SGR_5",1.55261990404698,"T6minusT1",161
"540","00187293C0","F",202,"SGR_6",1.33143388738812,"T7minusT1",244
"542","00187293D0","F",202,"SGR_1",1.76418036318362,"T2minusT1",32
"543","00187293D0","F",202,"SGR_2",0.572879575553809,"T3minusT1",62
"541","00187293D0","F",202,"SGR_3",0.414596991409688,"T4minusT1",98
"544","00187293D0","F",202,"SGR_4",0.860397833077409,"T5minusT1",133
"545","00187293D0","F",202,"SGR_5",0.985557052619601,"T6minusT1",161
"546","00187293D0","F",202,"SGR_6",0.991334397974786,"T7minusT1",244
"548","00187293DC","F",151,"SGR_1",3.24417228350986,"T2minusT1",32
"551","00187293DC","F",151,"SGR_2",3.20149469783966,"T3minusT1",62
"552","00187293DC","F",151,"SGR_3",2.79795792185784,"T4minusT1",98
"549","00187293DC","F",151,"SGR_4",2.558191820567,"T5minusT1",133
"547","00187293DC","F",151,"SGR_5",2.37262353762215,"T6minusT1",161
"550","00187293DC","F",151,"SGR_6",1.95013571576723,"T7minusT1",244
"553","00187293ED","F",201,"SGR_1",1.23266700228808,"T2minusT1",32
"556","00187293ED","F",201,"SGR_2",1.2193354458923,"T3minusT1",62
"558","00187293ED","F",201,"SGR_3",1.54199552966485,"T4minusT1",98
"555","00187293ED","F",201,"SGR_4",NA,"T5minusT1",NA
"557","00187293ED","F",201,"SGR_5",NA,"T6minusT1",NA
"554","00187293ED","F",201,"SGR_6",NA,"T7minusT1",NA
"564","00187293F6","M",151,"SGR_1",3.09993811610021,"T2minusT1",32
"561","00187293F6","M",151,"SGR_2",3.18833704730597,"T3minusT1",62
"560","00187293F6","M",151,"SGR_3",2.73882064595508,"T4minusT1",98
"559","00187293F6","M",151,"SGR_4",2.52579920031368,"T5minusT1",133
"562","00187293F6","M",151,"SGR_5",2.1839737122465,"T6minusT1",161
"563","00187293F6","M",151,"SGR_6",1.78970502073426,"T7minusT1",244
"566","001872946B","F",202,"SGR_1",2.46795759855016,"T2minusT1",32
"565","001872946B","F",202,"SGR_2",2.24229511182967,"T3minusT1",62
"570","001872946B","F",202,"SGR_3",2.17949744047052,"T4minusT1",98
"567","001872946B","F",202,"SGR_4",NA,"T5minusT1",NA
"568","001872946B","F",202,"SGR_5",NA,"T6minusT1",NA
"569","001872946B","F",202,"SGR_6",NA,"T7minusT1",NA
"576","001872946F","F",151,"SGR_1",2.03402567950237,"T2minusT1",32
"571","001872946F","F",151,"SGR_2",2.481624014288,"T3minusT1",62
"573","001872946F","F",151,"SGR_3",2.18113298006493,"T4minusT1",98
"574","001872946F","F",151,"SGR_4",2.10424559267868,"T5minusT1",133
"572","001872946F","F",151,"SGR_5",2.11869912787017,"T6minusT1",161
"575","001872946F","F",151,"SGR_6",1.78361789817769,"T7minusT1",244
"579","001872948A","F",201,"SGR_1",2.54953727947527,"T2minusT1",32
"581","001872948A","F",201,"SGR_2",2.20117732852019,"T3minusT1",62
"582","001872948A","F",201,"SGR_3",1.86959887672686,"T4minusT1",98
"577","001872948A","F",201,"SGR_4",1.8889476956697,"T5minusT1",133
"580","001872948A","F",201,"SGR_5",1.75555251972987,"T6minusT1",161
"578","001872948A","F",201,"SGR_6",1.57631305444748,"T7minusT1",190
"586","001872948B","F",201,"SGR_1",2.65140551313507,"T2minusT1",32
"585","001872948B","F",201,"SGR_2",2.27530233774242,"T3minusT1",62
"584","001872948B","F",201,"SGR_3",1.93111468369609,"T4minusT1",98
"587","001872948B","F",201,"SGR_4",2.04095706857397,"T5minusT1",133
"583","001872948B","F",201,"SGR_5",1.76759448863915,"T6minusT1",161
"588","001872948B","F",201,"SGR_6",1.57234165752349,"T7minusT1",190
"593","001872948D","M",152,"SGR_1",3.49277670798647,"T2minusT1",32
"590","001872948D","M",152,"SGR_2",3.32866923467627,"T3minusT1",62
"591","001872948D","M",152,"SGR_3",2.91565894286432,"T4minusT1",98
"592","001872948D","M",152,"SGR_4",2.58231860229186,"T5minusT1",133
"594","001872948D","M",152,"SGR_5",2.2507436332625,"T6minusT1",161
"589","001872948D","M",152,"SGR_6",1.73576758724812,"T7minusT1",244
"598","001872949A","F",201,"SGR_1",2.43265876138286,"T2minusT1",32
"599","001872949A","F",201,"SGR_2",1.72912473094953,"T3minusT1",62
"597","001872949A","F",201,"SGR_3",1.87214043953314,"T4minusT1",98
"600","001872949A","F",201,"SGR_4",1.94414010499691,"T5minusT1",133
"596","001872949A","F",201,"SGR_5",1.84916485167981,"T6minusT1",161
"595","001872949A","F",201,"SGR_6",1.41377851244879,"T7minusT1",244
"602","001872949D","M",201,"SGR_1",1.99861333696059,"T2minusT1",32
"605","001872949D","M",201,"SGR_2",1.4964592454217,"T3minusT1",62
"603","001872949D","M",201,"SGR_3",1.5276987083674,"T4minusT1",98
"601","001872949D","M",201,"SGR_4",1.43485198955331,"T5minusT1",133
"604","001872949D","M",201,"SGR_5",1.31442135953288,"T6minusT1",161
"606","001872949D","M",201,"SGR_6",1.18947371851594,"T7minusT1",244
"607","001872949E","F",202,"SGR_1",2.27059746944409,"T2minusT1",32
"611","001872949E","F",202,"SGR_2",1.82932126348367,"T3minusT1",62
"612","001872949E","F",202,"SGR_3",1.80439076971706,"T4minusT1",98
"610","001872949E","F",202,"SGR_4",NA,"T5minusT1",NA
"608","001872949E","F",202,"SGR_5",NA,"T6minusT1",NA
"609","001872949E","F",202,"SGR_6",NA,"T7minusT1",NA
"616","00187294A1","F",152,"SGR_1",2.93847704025714,"T2minusT1",32
"614","00187294A1","F",152,"SGR_2",2.8952920790505,"T3minusT1",62
"613","00187294A1","F",152,"SGR_3",2.47450789390256,"T4minusT1",98
"617","00187294A1","F",152,"SGR_4",2.26369200109711,"T5minusT1",133
"615","00187294A1","F",152,"SGR_5",2.03588263489982,"T6minusT1",161
"618","00187294A1","F",152,"SGR_6",1.65610965799101,"T7minusT1",244
"621","00187294A9","F",152,"SGR_1",2.54774246285268,"T2minusT1",32
"624","00187294A9","F",152,"SGR_2",2.55867083419856,"T3minusT1",62
"622","00187294A9","F",152,"SGR_3",2.26738909276452,"T4minusT1",98
"623","00187294A9","F",152,"SGR_4",2.11407315728882,"T5minusT1",133
"620","00187294A9","F",152,"SGR_5",1.90101868698462,"T6minusT1",161
"619","00187294A9","F",152,"SGR_6",1.51250740340447,"T7minusT1",244
"626","00187294B5","F",151,"SGR_1",2.08151000856474,"T2minusT1",32
"630","00187294B5","F",151,"SGR_2",2.31524052167085,"T3minusT1",62
"628","00187294B5","F",151,"SGR_3",2.10020116571663,"T4minusT1",98
"625","00187294B5","F",151,"SGR_4",2.08709875519368,"T5minusT1",133
"629","00187294B5","F",151,"SGR_5",2.1336058646293,"T6minusT1",161
"627","00187294B5","F",151,"SGR_6",1.86191239821523,"T7minusT1",244
"634","00187294B8","M",202,"SGR_1",2.15322465799457,"T2minusT1",32
"635","00187294B8","M",202,"SGR_2",1.76268547052048,"T3minusT1",62
"636","00187294B8","M",202,"SGR_3",1.66989364518708,"T4minusT1",98
"631","00187294B8","M",202,"SGR_4",1.62004188740497,"T5minusT1",133
"633","00187294B8","M",202,"SGR_5",1.51469115000189,"T6minusT1",161
"632","00187294B8","M",202,"SGR_6",1.36061545070678,"T7minusT1",244
"642","00187294B9","F",151,"SGR_1",2.23774853834973,"T2minusT1",32
"639","00187294B9","F",151,"SGR_2",2.23596489973603,"T3minusT1",62
"637","00187294B9","F",151,"SGR_3",2.05819448750313,"T4minusT1",98
"638","00187294B9","F",151,"SGR_4",1.96141311060762,"T5minusT1",133
"641","00187294B9","F",151,"SGR_5",1.81359929342946,"T6minusT1",161
"640","00187294B9","F",151,"SGR_6",1.63713156378205,"T7minusT1",244
"648","00187294BD","F",201,"SGR_1",1.6091394922277,"T2minusT1",32
"645","00187294BD","F",201,"SGR_2",1.40902900436364,"T3minusT1",62
"647","00187294BD","F",201,"SGR_3",1.32111066591476,"T4minusT1",98
"643","00187294BD","F",201,"SGR_4",1.08312785728277,"T5minusT1",133
"644","00187294BD","F",201,"SGR_5",1.09368161178207,"T6minusT1",161
"646","00187294BD","F",201,"SGR_6",0.825244544441195,"T7minusT1",244
"650","00187294BF","F",201,"SGR_1",3.13368083559225,"T2minusT1",32
"654","00187294BF","F",201,"SGR_2",2.76377709830755,"T3minusT1",62
"652","00187294BF","F",201,"SGR_3",2.76438885341468,"T4minusT1",98
"653","00187294BF","F",201,"SGR_4",NA,"T5minusT1",NA
"651","00187294BF","F",201,"SGR_5",NA,"T6minusT1",NA
"649","00187294BF","F",201,"SGR_6",NA,"T7minusT1",NA
"655","00187294C1","F",202,"SGR_1",2.23377234926965,"T2minusT1",32
"659","00187294C1","F",202,"SGR_2",1.35640990513799,"T3minusT1",62
"657","00187294C1","F",202,"SGR_3",1.38807097944016,"T4minusT1",98
"660","00187294C1","F",202,"SGR_4",1.63692556004031,"T5minusT1",133
"656","00187294C1","F",202,"SGR_5",1.49089767959911,"T6minusT1",161
"658","00187294C1","F",202,"SGR_6",1.23359468894608,"T7minusT1",244
"665","00187294C4","M",152,"SGR_1",2.10458719963631,"T2minusT1",32
"661","00187294C4","M",152,"SGR_2",2.40656863943938,"T3minusT1",62
"662","00187294C4","M",152,"SGR_3",2.05887094975437,"T4minusT1",98
"664","00187294C4","M",152,"SGR_4",1.93788314150452,"T5minusT1",133
"666","00187294C4","M",152,"SGR_5",1.76943626080048,"T6minusT1",161
"663","00187294C4","M",152,"SGR_6",1.80244893810719,"T7minusT1",190
"667","00187294D3","M",152,"SGR_1",3.01029691921004,"T2minusT1",32
"668","00187294D3","M",152,"SGR_2",3.0218997150202,"T3minusT1",62
"671","00187294D3","M",152,"SGR_3",2.73365390828317,"T4minusT1",98
"670","00187294D3","M",152,"SGR_4",2.52473145057144,"T5minusT1",133
"669","00187294D3","M",152,"SGR_5",2.27761331078791,"T6minusT1",161
"672","00187294D3","M",152,"SGR_6",1.82525764514534,"T7minusT1",244
"677","00187294D8","F",152,"SGR_1",2.49453483760647,"T2minusT1",32
"678","00187294D8","F",152,"SGR_2",2.93209842725104,"T3minusT1",62
"676","00187294D8","F",152,"SGR_3",2.57383787456731,"T4minusT1",98
"674","00187294D8","F",152,"SGR_4",2.47994823233351,"T5minusT1",133
"673","00187294D8","F",152,"SGR_5",2.39725356177567,"T6minusT1",161
"675","00187294D8","F",152,"SGR_6",2.15183259991742,"T7minusT1",195
"684","00187294DB","F",152,"SGR_1",1.67203794948929,"T2minusT1",32
"680","00187294DB","F",152,"SGR_2",2.49192319075857,"T3minusT1",62
"679","00187294DB","F",152,"SGR_3",2.28463961439316,"T4minusT1",98
"682","00187294DB","F",152,"SGR_4",2.05186582739123,"T5minusT1",133
"683","00187294DB","F",152,"SGR_5",1.93266863947474,"T6minusT1",161
"681","00187294DB","F",152,"SGR_6",1.87958088851492,"T7minusT1",190
"688","00187294DD","F",202,"SGR_1",2.31670160223716,"T2minusT1",32
"689","00187294DD","F",202,"SGR_2",1.03365622682787,"T3minusT1",62
"687","00187294DD","F",202,"SGR_3",1.25822124944761,"T4minusT1",98
"686","00187294DD","F",202,"SGR_4",1.3283376047676,"T5minusT1",133
"690","00187294DD","F",202,"SGR_5",1.40724348026753,"T6minusT1",161
"685","00187294DD","F",202,"SGR_6",1.22683086784621,"T7minusT1",244
"695","00187294ED","M",151,"SGR_1",2.95390665491486,"T2minusT1",32
"692","00187294ED","M",151,"SGR_2",2.93209842725104,"T3minusT1",62
"691","00187294ED","M",151,"SGR_3",2.56803928782359,"T4minusT1",98
"696","00187294ED","M",151,"SGR_4",NA,"T5minusT1",NA
"693","00187294ED","M",151,"SGR_5",NA,"T6minusT1",NA
"694","00187294ED","M",151,"SGR_6",NA,"T7minusT1",NA
"698","00187294F3","M",152,"SGR_1",2.65140551313507,"T2minusT1",32
"702","00187294F3","M",152,"SGR_2",2.99760023146056,"T3minusT1",62
"700","00187294F3","M",152,"SGR_3",2.74995883687998,"T4minusT1",98
"701","00187294F3","M",152,"SGR_4",NA,"T5minusT1",NA
"699","00187294F3","M",152,"SGR_5",NA,"T6minusT1",NA
"697","00187294F3","M",152,"SGR_6",NA,"T7minusT1",NA
"708","00187294F9","F",201,"SGR_1",1.39695305033463,"T2minusT1",32
"705","00187294F9","F",201,"SGR_2",1.88162997287269,"T3minusT1",62
"704","00187294F9","F",201,"SGR_3",1.9236426129166,"T4minusT1",98
"703","00187294F9","F",201,"SGR_4",1.97951622980697,"T5minusT1",133
"706","00187294F9","F",201,"SGR_5",1.78832540681593,"T6minusT1",161
"707","00187294F9","F",201,"SGR_6",1.42007326582412,"T7minusT1",244
"712","00187294FC","F",202,"SGR_1",1.72904650693906,"T2minusT1",32
"714","00187294FC","F",202,"SGR_2",0.656119072959216,"T3minusT1",62
"709","00187294FC","F",202,"SGR_3",0.80419059427681,"T4minusT1",98
"713","00187294FC","F",202,"SGR_4",0.946377138001187,"T5minusT1",133
"710","00187294FC","F",202,"SGR_5",1.01897806605402,"T6minusT1",161
"711","00187294FC","F",202,"SGR_6",0.921875668484406,"T7minusT1",244
"716","001872950C","M",201,"SGR_1",2.27269940244554,"T2minusT1",32
"717","001872950C","M",201,"SGR_2",0.894409346540748,"T3minusT1",62
"719","001872950C","M",201,"SGR_3",1.26295807147598,"T4minusT1",98
"718","001872950C","M",201,"SGR_4",1.61495799470679,"T5minusT1",133
"720","001872950C","M",201,"SGR_5",1.72016805298876,"T6minusT1",161
"715","001872950C","M",201,"SGR_6",1.45829038139107,"T7minusT1",244
"726","001872951B","F",152,"SGR_1",2.58198760778205,"T2minusT1",32
"723","001872951B","F",152,"SGR_2",2.61539766550858,"T3minusT1",62
"725","001872951B","F",152,"SGR_3",2.38192892061753,"T4minusT1",98
"724","001872951B","F",152,"SGR_4",2.29616352284341,"T5minusT1",133
"722","001872951B","F",152,"SGR_5",2.14505116920787,"T6minusT1",161
"721","001872951B","F",152,"SGR_6",1.76616274519397,"T7minusT1",244
