"","TAGNUMBER","SEX","TANK_Real","LAST4","condition1","ConditionFactor","condition2","Date"
"7","00186D163B","F",201,"163B","K1",1.14547032571008,"T1",2021-07-29
"6","00186D163B","F",201,"163B","K2",1.19665989911549,"T2",2021-08-30
"4","00186D163B","F",201,"163B","K3",1.1398330958681,"T3",2021-09-29
"1","00186D163B","F",201,"163B","K4",1.12336506581992,"T4",2021-11-04
"2","00186D163B","F",201,"163B","K5",1.05628014923221,"T5",2021-12-09
"5","00186D163B","F",201,"163B","K6",1.15955087560637,"T6",2022-01-06
"3","00186D163B","F",201,"163B","K7",1.23734887291946,"T7",2022-03-30
"10","00186D163D","M",201,"163D","K1",1.11978947957784,"T1",2021-07-29
"8","00186D163D","M",201,"163D","K2",1.1390144335909,"T2",2021-08-30
"11","00186D163D","M",201,"163D","K3",1.11328125,"T3",2021-09-29
"14","00186D163D","M",201,"163D","K4",1.2,"T4",2021-11-04
"12","00186D163D","M",201,"163D","K5",NA,"T5",NA
"13","00186D163D","M",201,"163D","K6",NA,"T6",NA
"9","00186D163D","M",201,"163D","K7",NA,"T7",NA
"20","00186D1640","M",202,"1640","K1",1.02996826171875,"T1",2021-07-29
"15","00186D1640","M",202,"1640","K2",1.13136025659717,"T2",2021-08-30
"19","00186D1640","M",202,"1640","K3",1.0914769458371,"T3",2021-09-29
"16","00186D1640","M",202,"1640","K4",1.28378242966571,"T4",2021-11-04
"21","00186D1640","M",202,"1640","K5",1.2786120425718,"T5",2021-12-09
"17","00186D1640","M",202,"1640","K6",1.25858099757386,"T6",2022-01-06
"18","00186D1640","M",202,"1640","K7",1.28744175282385,"T7",2022-02-04
"24","00186D1646","F",201,"1646","K1",1.05598543468366,"T1",2021-07-29
"28","00186D1646","F",201,"1646","K2",1.23329609262779,"T2",2021-08-30
"23","00186D1646","F",201,"1646","K3",1.15288628472222,"T3",2021-09-29
"27","00186D1646","F",201,"1646","K4",1.1901043807019,"T4",2021-11-04
"22","00186D1646","F",201,"1646","K5",NA,"T5",NA
"25","00186D1646","F",201,"1646","K6",NA,"T6",NA
"26","00186D1646","F",201,"1646","K7",NA,"T7",NA
"29","00186D1648","M",202,"1648","K1",1.06481481481481,"T1",2021-07-29
"30","00186D1648","M",202,"1648","K2",1.13702623906706,"T2",2021-08-30
"31","00186D1648","M",202,"1648","K3",0.951115246891524,"T3",2021-09-29
"35","00186D1648","M",202,"1648","K4",1.16635077999708,"T4",2021-11-04
"32","00186D1648","M",202,"1648","K5",NA,"T5",NA
"33","00186D1648","M",202,"1648","K6",NA,"T6",NA
"34","00186D1648","M",202,"1648","K7",NA,"T7",NA
"41","00186D164C","M",151,"164C","K1",1.08190597667638,"T1",2021-07-29
"39","00186D164C","M",151,"164C","K2",1.00956645634032,"T2",2021-08-30
"38","00186D164C","M",151,"164C","K3",1.10193119849112,"T3",2021-09-29
"37","00186D164C","M",151,"164C","K4",1.19664787561601,"T4",2021-11-04
"40","00186D164C","M",151,"164C","K5",1.16965426024678,"T5",2021-12-09
"42","00186D164C","M",151,"164C","K6",1.13716468526139,"T6",2022-01-06
"36","00186D164C","M",151,"164C","K7",1.21774412148001,"T7",2022-03-30
"44","00186D164E","M",151,"164E","K1",1.08190597667638,"T1",2021-07-29
"47","00186D164E","M",151,"164E","K2",1.1328125,"T2",2021-08-30
"46","00186D164E","M",151,"164E","K3",1.25033726202463,"T3",2021-09-29
"45","00186D164E","M",151,"164E","K4",1.41622797489031,"T4",2021-11-04
"43","00186D164E","M",151,"164E","K5",1.34225760281658,"T5",2021-12-09
"48","00186D164E","M",151,"164E","K6",1.28301349881276,"T6",2022-01-06
"49","00186D164E","M",151,"164E","K7",1.39540934223957,"T7",2022-03-30
"54","00186D164F","F",151,"164F","K1",1.02496355685131,"T1",2021-07-29
"52","00186D164F","F",151,"164F","K2",1.00759419362894,"T2",2021-08-30
"56","00186D164F","F",151,"164F","K3",1.06156432484966,"T3",2021-09-29
"53","00186D164F","F",151,"164F","K4",1.06349173807864,"T4",2021-11-04
"51","00186D164F","F",151,"164F","K5",1.03809153826973,"T5",2021-12-09
"55","00186D164F","F",151,"164F","K6",1.05419610858809,"T6",2022-01-06
"50","00186D164F","F",151,"164F","K7",1.14383860159938,"T7",2022-02-04
"58","00186D1654","F",152,"1654","K1",1.17485146520761,"T1",2021-07-29
"61","00186D1654","F",152,"1654","K2",1.15925525920361,"T2",2021-08-30
"63","00186D1654","F",152,"1654","K3",1.13813973191027,"T3",2021-09-29
"62","00186D1654","F",152,"1654","K4",1.14905511466468,"T4",2021-11-04
"59","00186D1654","F",152,"1654","K5",1.13168724279835,"T5",2021-12-09
"60","00186D1654","F",152,"1654","K6",1.07895907305637,"T6",2022-01-06
"57","00186D1654","F",152,"1654","K7",1.11608912054918,"T7",2022-03-30
"69","00186D1655","M",202,"1655","K1",1.03377655338897,"T1",2021-07-29
"68","00186D1655","M",202,"1655","K2",1.13854595336077,"T2",2021-08-30
"67","00186D1655","M",202,"1655","K3",1.0748513305124,"T3",2021-09-29
"65","00186D1655","M",202,"1655","K4",1.1705532693187,"T4",2021-11-04
"66","00186D1655","M",202,"1655","K5",1.21198083454307,"T5",2021-12-09
"70","00186D1655","M",202,"1655","K6",1.1157980846813,"T6",2022-01-06
"64","00186D1655","M",202,"1655","K7",1.23083676268861,"T7",2022-03-30
"72","00186D1656","M",202,"1656","K1",1.07995442592323,"T1",2021-07-29
"77","00186D1656","M",202,"1656","K2",1.13581278560114,"T2",2021-08-30
"74","00186D1656","M",202,"1656","K3",1.15468727219711,"T3",2021-09-29
"71","00186D1656","M",202,"1656","K4",1.20650918693858,"T4",2021-11-04
"73","00186D1656","M",202,"1656","K5",1.2451171875,"T5",2021-12-09
"75","00186D1656","M",202,"1656","K6",1.28086419753086,"T6",2022-01-06
"76","00186D1656","M",202,"1656","K7",1.35774965639468,"T7",2022-02-04
"84","00186D1659","M",202,"1659","K1",1.13395214721939,"T1",2021-07-29
"82","00186D1659","M",202,"1659","K2",1.07330685843083,"T2",2021-08-30
"83","00186D1659","M",202,"1659","K3",0.911211546872722,"T3",2021-09-29
"81","00186D1659","M",202,"1659","K4",1.22124974557297,"T4",2021-11-04
"80","00186D1659","M",202,"1659","K5",1.26736111111111,"T5",2021-12-09
"79","00186D1659","M",202,"1659","K6",1.27398673326358,"T6",2022-01-06
"78","00186D1659","M",202,"1659","K7",1.60093294460641,"T7",2022-02-04
"87","00186D165E","M",201,"165E","K1",1.07630489154947,"T1",2021-07-29
"89","00186D165E","M",201,"165E","K2",1.11759627393402,"T2",2021-08-30
"91","00186D165E","M",201,"165E","K3",1.11328125,"T3",2021-09-29
"85","00186D165E","M",201,"165E","K4",1.28943758573388,"T4",2021-11-04
"86","00186D165E","M",201,"165E","K5",NA,"T5",NA
"90","00186D165E","M",201,"165E","K6",NA,"T6",NA
"88","00186D165E","M",201,"165E","K7",NA,"T7",NA
"92","00186D1662","M",201,"1662","K1",1.02505227766616,"T1",2021-07-29
"96","00186D1662","M",201,"1662","K2",1.16618075801749,"T2",2021-08-30
"98","00186D1662","M",201,"1662","K3",0.962099125364431,"T3",2021-09-29
"94","00186D1662","M",201,"1662","K4",1.02511299023181,"T4",2021-11-04
"95","00186D1662","M",201,"1662","K5",1.20593219180041,"T5",2021-12-09
"93","00186D1662","M",201,"1662","K6",1.11137959045038,"T6",2022-01-06
"97","00186D1662","M",201,"1662","K7",1.19093287383501,"T7",2022-03-30
"103","00186D1663","F",202,"1663","K1",1.0667956304051,"T1",2021-07-29
"102","00186D1663","F",202,"1663","K2",1.12881201638598,"T2",2021-08-30
"105","00186D1663","F",202,"1663","K3",1.11759627393402,"T3",2021-09-29
"100","00186D1663","F",202,"1663","K4",1.23164345103121,"T4",2021-11-04
"99","00186D1663","F",202,"1663","K5",1.15307849078498,"T5",2021-12-09
"101","00186D1663","F",202,"1663","K6",1.08902377915452,"T6",2022-01-06
"104","00186D1663","F",202,"1663","K7",1.19407407407407,"T7",2022-03-30
"108","00186D1667","F",152,"1667","K1",1.10141377472123,"T1",2021-07-29
"110","00186D1667","F",152,"1667","K2",0.976999796458376,"T2",2021-08-30
"106","00186D1667","F",152,"1667","K3",1.10193119849112,"T3",2021-09-29
"109","00186D1667","F",152,"1667","K4",1.07917503792693,"T4",2021-11-04
"107","00186D1667","F",152,"1667","K5",NA,"T5",NA
"112","00186D1667","F",152,"1667","K6",NA,"T6",NA
"111","00186D1667","F",152,"1667","K7",NA,"T7",NA
"113","00186D166A","F",152,"166A","K1",1.11988080572989,"T1",2021-07-29
"118","00186D166A","F",152,"166A","K2",1.09037037037037,"T2",2021-08-30
"116","00186D166A","F",152,"166A","K3",1.1196967487972,"T3",2021-09-29
"114","00186D166A","F",152,"166A","K4",1.07478817419825,"T4",2021-11-04
"119","00186D166A","F",152,"166A","K5",1.0752,"T5",2021-12-09
"117","00186D166A","F",152,"166A","K6",1.12178021643042,"T6",2022-01-06
"115","00186D166A","F",152,"166A","K7",1.16469853913111,"T7",2022-02-04
"126","00186D166B","F",201,"166B","K1",0.968021137026239,"T1",2021-07-29
"125","00186D166B","F",201,"166B","K2",1.06666666666667,"T2",2021-08-30
"123","00186D166B","F",201,"166B","K3",1.1445811419985,"T3",2021-09-29
"120","00186D166B","F",201,"166B","K4",1.30188214021534,"T4",2021-11-04
"122","00186D166B","F",201,"166B","K5",1.26392603427067,"T5",2021-12-09
"121","00186D166B","F",201,"166B","K6",1.32343936763052,"T6",2022-01-06
"124","00186D166B","F",201,"166B","K7",1.37821950459228,"T7",2022-02-04
"133","00186D166C","M",152,"166C","K1",1.08131487889273,"T1",2021-07-29
"129","00186D166C","M",152,"166C","K2",1.08506944444444,"T2",2021-08-30
"128","00186D166C","M",152,"166C","K3",1.07765197753906,"T3",2021-09-29
"130","00186D166C","M",152,"166C","K4",1.03550844941151,"T4",2021-11-04
"132","00186D166C","M",152,"166C","K5",1.07007563809023,"T5",2021-12-09
"127","00186D166C","M",152,"166C","K6",1.2436860629916,"T6",2022-01-06
"131","00186D166C","M",152,"166C","K7",1.1539238425362,"T7",2022-03-30
"134","00186D166E","F",202,"166E","K1",1.14547032571008,"T1",2021-07-29
"139","00186D166E","F",202,"166E","K2",1.17347608763072,"T2",2021-08-30
"135","00186D166E","F",202,"166E","K3",1.01148030142113,"T3",2021-09-29
"136","00186D166E","F",202,"166E","K4",1.11625391474964,"T4",2021-11-04
"138","00186D166E","F",202,"166E","K5",1.05540101469269,"T5",2021-12-09
"137","00186D166E","F",202,"166E","K6",1.07175145886414,"T6",2022-01-06
"140","00186D166E","F",202,"166E","K7",1.10222222222222,"T7",2022-03-30
"145","00186D166F","M",202,"166F","K1",1.15740740740741,"T1",2021-07-29
"142","00186D166F","M",202,"166F","K2",1.04934180035573,"T2",2021-08-30
"147","00186D166F","M",202,"166F","K3",1.05653643876784,"T3",2021-09-29
"146","00186D166F","M",202,"166F","K4",1.11749498906706,"T4",2021-11-04
"144","00186D166F","M",202,"166F","K5",1.10552253213433,"T5",2021-12-09
"141","00186D166F","M",202,"166F","K6",1.10432748307109,"T6",2022-01-06
"143","00186D166F","M",202,"166F","K7",1.07233281583262,"T7",2022-02-04
"151","00186D1670","F",201,"1670","K1",1.11988080572989,"T1",2021-07-29
"154","00186D1670","F",201,"1670","K2",1.23259259259259,"T2",2021-08-30
"153","00186D1670","F",201,"1670","K3",1.24799533459688,"T3",2021-09-29
"150","00186D1670","F",201,"1670","K4",1.28472222222222,"T4",2021-11-04
"148","00186D1670","F",201,"1670","K5",1.2215466013859,"T5",2021-12-09
"149","00186D1670","F",201,"1670","K6",1.40572362078228,"T6",2022-01-06
"152","00186D1670","F",201,"1670","K7",1.27753928220976,"T7",2022-03-30
"159","00186D1675","M",152,"1675","K1",1.0667956304051,"T1",2021-07-29
"160","00186D1675","M",152,"1675","K2",1.0796443343093,"T2",2021-08-30
"161","00186D1675","M",152,"1675","K3",1.11194035476551,"T3",2021-09-29
"158","00186D1675","M",152,"1675","K4",1.21306035562234,"T4",2021-11-04
"155","00186D1675","M",152,"1675","K5",1.21898957995897,"T5",2021-12-09
"157","00186D1675","M",152,"1675","K6",1.20060519001436,"T6",2022-01-06
"156","00186D1675","M",152,"1675","K7",1.31280006858711,"T7",2022-02-04
"167","00186D167A","F",201,"167A","K1",1.07995442592323,"T1",2021-07-29
"163","00186D167A","F",201,"167A","K2",1.25291587694999,"T2",2021-08-30
"165","00186D167A","F",201,"167A","K3",1.21515938538327,"T3",2021-09-29
"162","00186D167A","F",201,"167A","K4",1.15413293485375,"T4",2021-11-04
"164","00186D167A","F",201,"167A","K5",NA,"T5",NA
"166","00186D167A","F",201,"167A","K6",NA,"T6",NA
"168","00186D167A","F",201,"167A","K7",NA,"T7",NA
"169","00186D167B","F",201,"167B","K1",1.12755750543278,"T1",2021-07-29
"173","00186D167B","F",201,"167B","K2",1.20735529960636,"T2",2021-08-30
"171","00186D167B","F",201,"167B","K3",1.204966415632,"T3",2021-09-29
"170","00186D167B","F",201,"167B","K4",1.29575639779721,"T4",2021-11-04
"174","00186D167B","F",201,"167B","K5",1.3568,"T5",2021-12-09
"172","00186D167B","F",201,"167B","K6",1.33830825372094,"T6",2022-01-06
"175","00186D167B","F",201,"167B","K7",1.48769762680004,"T7",2022-02-04
"182","00186D1680","F",202,"1680","K1",1.21681044610788,"T1",2021-07-29
"181","00186D1680","F",202,"1680","K2",1.19665989911549,"T2",2021-08-30
"176","00186D1680","F",202,"1680","K3",0.96378575042768,"T3",2021-09-29
"180","00186D1680","F",202,"1680","K4",1.81367072445263,"T4",2021-11-04
"179","00186D1680","F",202,"1680","K5",1.20940031828704,"T5",2021-12-09
"177","00186D1680","F",202,"1680","K6",1.24718256949662,"T6",2022-01-06
"178","00186D1680","F",202,"1680","K7",1.34475218658892,"T7",2022-03-30
"185","00186D1683","F",152,"1683","K1",1.05540101469269,"T1",2021-07-29
"189","00186D1683","F",152,"1683","K2",1.06171646023732,"T2",2021-08-30
"188","00186D1683","F",152,"1683","K3",1.08815227762215,"T3",2021-09-29
"184","00186D1683","F",152,"1683","K4",1.04631696428571,"T4",2021-11-04
"187","00186D1683","F",152,"1683","K5",1.04233045061447,"T5",2021-12-09
"183","00186D1683","F",152,"1683","K6",1.02942745889137,"T6",2022-01-06
"186","00186D1683","F",152,"1683","K7",1.01709755880709,"T7",2022-03-30
"193","00186D1684","M",202,"1684","K1",1.00754313963876,"T1",2021-07-29
"192","00186D1684","M",202,"1684","K2",1.03980451675085,"T2",2021-08-30
"194","00186D1684","M",202,"1684","K3",0.919827072510368,"T3",2021-09-29
"191","00186D1684","M",202,"1684","K4",1.10787172011662,"T4",2021-11-04
"195","00186D1684","M",202,"1684","K5",1.01148030142113,"T5",2021-12-09
"196","00186D1684","M",202,"1684","K6",0.993836187400997,"T6",2022-01-06
"190","00186D1684","M",202,"1684","K7",0.919067215363512,"T7",2022-03-30
"199","00186D1685","M",201,"1685","K1",1.08190597667638,"T1",2021-07-29
"201","00186D1685","M",201,"1685","K2",1.09846536351166,"T2",2021-08-30
"198","00186D1685","M",201,"1685","K3",1.11553041442969,"T3",2021-09-29
"200","00186D1685","M",201,"1685","K4",1.07979699816435,"T4",2021-11-04
"197","00186D1685","M",201,"1685","K5",1.05857849121094,"T5",2021-12-09
"203","00186D1685","M",201,"1685","K6",1.12807373900215,"T6",2022-01-06
"202","00186D1685","M",201,"1685","K7",1.11083284637004,"T7",2022-03-30
"207","00186D1687","F",202,"1687","K1",0.971958983330903,"T1",2021-07-29
"208","00186D1687","F",202,"1687","K2",1.06396066005459,"T2",2021-08-30
"206","00186D1687","F",202,"1687","K3",1.11018908966376,"T3",2021-09-29
"209","00186D1687","F",202,"1687","K4",1.1550022760339,"T4",2021-11-04
"210","00186D1687","F",202,"1687","K5",NA,"T5",NA
"205","00186D1687","F",202,"1687","K6",NA,"T6",NA
"204","00186D1687","F",202,"1687","K7",NA,"T7",NA
"213","00186D1688","M",151,"1688","K1",1.07119033591555,"T1",2021-07-29
"216","00186D1688","M",151,"1688","K2",0.971851851851852,"T2",2021-08-30
"214","00186D1688","M",151,"1688","K3",1.02030405060708,"T3",2021-09-29
"211","00186D1688","M",151,"1688","K4",1.40430256276957,"T4",2021-11-04
"212","00186D1688","M",151,"1688","K5",1.19500432351447,"T5",2021-12-09
"215","00186D1688","M",151,"1688","K6",1.13813234568916,"T6",2022-01-06
"217","00186D1688","M",151,"1688","K7",1.31872106481481,"T7",2022-03-30
"223","00186D1689","M",202,"1689","K1",1.12755750543278,"T1",2021-07-29
"224","00186D1689","M",202,"1689","K2",1.18246760424352,"T2",2021-08-30
"218","00186D1689","M",202,"1689","K3",1.19486334536582,"T3",2021-09-29
"219","00186D1689","M",202,"1689","K4",1.26220886551465,"T4",2021-11-04
"222","00186D1689","M",202,"1689","K5",NA,"T5",NA
"220","00186D1689","M",202,"1689","K6",NA,"T6",NA
"221","00186D1689","M",202,"1689","K7",NA,"T7",NA
"227","00186D1690","M",151,"1690","K1",1.07995442592323,"T1",2021-07-29
"225","00186D1690","M",151,"1690","K2",1.11711530163208,"T2",2021-08-30
"229","00186D1690","M",151,"1690","K3",1.12649107010938,"T3",2021-09-29
"226","00186D1690","M",151,"1690","K4",1.09695038689122,"T4",2021-11-04
"228","00186D1690","M",151,"1690","K5",1.1083984375,"T5",2021-12-09
"230","00186D1690","M",151,"1690","K6",1.14678346801768,"T6",2022-01-06
"231","00186D1690","M",151,"1690","K7",1.26406887245479,"T7",2022-03-30
"233","00186D1695","F",151,"1695","K1",1.07995442592323,"T1",2021-07-29
"232","00186D1695","F",151,"1695","K2",1.04296296296296,"T2",2021-08-30
"238","00186D1695","F",151,"1695","K3",1.06246383101852,"T3",2021-09-29
"237","00186D1695","F",151,"1695","K4",1.04620585011313,"T4",2021-11-04
"236","00186D1695","F",151,"1695","K5",1.01214883001683,"T5",2021-12-09
"235","00186D1695","F",151,"1695","K6",1.14436998576254,"T6",2022-01-06
"234","00186D1695","F",151,"1695","K7",1.14157254405611,"T7",2022-03-30
"243","00186D1696","F",201,"1696","K1",1.01610526850582,"T1",2021-07-29
"244","00186D1696","F",201,"1696","K2",1.08965636708567,"T2",2021-08-30
"245","00186D1696","F",201,"1696","K3",1.07496567208679,"T3",2021-09-29
"239","00186D1696","F",201,"1696","K4",1.15468727219711,"T4",2021-11-04
"242","00186D1696","F",201,"1696","K5",1.07175145886414,"T5",2021-12-09
"240","00186D1696","F",201,"1696","K6",1.15612198452435,"T6",2022-01-06
"241","00186D1696","F",201,"1696","K7",1.14934040482025,"T7",2022-03-30
"252","00186D1697","M",151,"1697","K1",1.17485146520761,"T1",2021-07-29
"251","00186D1697","M",151,"1697","K2",1.07469977610421,"T2",2021-08-30
"250","00186D1697","M",151,"1697","K3",1.18794986851555,"T3",2021-09-29
"246","00186D1697","M",151,"1697","K4",1.16602175586836,"T4",2021-11-04
"247","00186D1697","M",151,"1697","K5",1.2002743484225,"T5",2021-12-09
"248","00186D1697","M",151,"1697","K6",1.14791654813382,"T6",2022-01-06
"249","00186D1697","M",151,"1697","K7",1.17360158512422,"T7",2022-03-30
"257","00186D1699","F",152,"1699","K1",1.13395214721939,"T1",2021-07-29
"255","00186D1699","F",152,"1699","K2",1.10535015179285,"T2",2021-08-30
"254","00186D1699","F",152,"1699","K3",1.12,"T3",2021-09-29
"259","00186D1699","F",152,"1699","K4",1.19253417705126,"T4",2021-11-04
"258","00186D1699","F",152,"1699","K5",NA,"T5",NA
"253","00186D1699","F",152,"1699","K6",NA,"T6",NA
"256","00186D1699","F",152,"1699","K7",NA,"T7",NA
"266","00186D169A","F",152,"169A","K1",1.01610526850582,"T1",2021-07-29
"261","00186D169A","F",152,"169A","K2",1.02823269934219,"T2",2021-08-30
"265","00186D169A","F",152,"169A","K3",1.1,"T3",2021-09-29
"264","00186D169A","F",152,"169A","K4",1.12095106470334,"T4",2021-11-04
"263","00186D169A","F",152,"169A","K5",1.16987572792655,"T5",2021-12-09
"260","00186D169A","F",152,"169A","K6",1.25394708343308,"T6",2022-01-06
"262","00186D169A","F",152,"169A","K7",1.05408,"T7",2022-03-30
"268","00186D169B","F",151,"169B","K1",1.08189331329827,"T1",2021-07-29
"267","00186D169B","F",151,"169B","K2",1.07421875,"T2",2021-08-30
"269","00186D169B","F",151,"169B","K3",1.07438016528926,"T3",2021-09-29
"273","00186D169B","F",151,"169B","K4",1.13479839719509,"T4",2021-11-04
"270","00186D169B","F",151,"169B","K5",1.73414947514215,"T5",2021-12-09
"272","00186D169B","F",151,"169B","K6",1.20273684843546,"T6",2022-01-06
"271","00186D169B","F",151,"169B","K7",1.24935349315207,"T7",2022-03-30
"278","00186D169C","F",152,"169C","K1",1.07995442592323,"T1",2021-07-29
"279","00186D169C","F",152,"169C","K2",1.1390144335909,"T2",2021-08-30
"280","00186D169C","F",152,"169C","K3",1.1509800064161,"T3",2021-09-29
"277","00186D169C","F",152,"169C","K4",1.20306863791089,"T4",2021-11-04
"274","00186D169C","F",152,"169C","K5",NA,"T5",NA
"275","00186D169C","F",152,"169C","K6",NA,"T6",NA
"276","00186D169C","F",152,"169C","K7",NA,"T7",NA
"285","00186D16A0","M",201,"16A0","K1",1.05735722373238,"T1",2021-07-29
"283","00186D16A0","M",201,"16A0","K2",1.23013558827817,"T2",2021-08-30
"281","00186D16A0","M",201,"16A0","K3",1.09435694311044,"T3",2021-09-29
"284","00186D16A0","M",201,"16A0","K4",1.14884182383635,"T4",2021-11-04
"286","00186D16A0","M",201,"16A0","K5",NA,"T5",NA
"287","00186D16A0","M",201,"16A0","K6",NA,"T6",NA
"282","00186D16A0","M",201,"16A0","K7",NA,"T7",NA
"290","00186D16A1","M",202,"16A1","K1",1.14784205693297,"T1",2021-07-29
"292","00186D16A1","M",202,"16A1","K2",1.18102796674225,"T2",2021-08-30
"293","00186D16A1","M",202,"16A1","K3",0.944407620320154,"T3",2021-09-29
"289","00186D16A1","M",202,"16A1","K4",0.94310877671537,"T4",2021-11-04
"291","00186D16A1","M",202,"16A1","K5",1.19809751157407,"T5",2021-12-09
"288","00186D16A1","M",202,"16A1","K6",1.13396408216819,"T6",2022-01-06
"294","00186D16A1","M",202,"16A1","K7",0.29352430318889,"T7",2022-03-30
"299","00186D16A3","F",152,"16A3","K1",1.07630489154947,"T1",2021-07-29
"298","00186D16A3","F",152,"16A3","K2",1.07421875,"T2",2021-08-30
"295","00186D16A3","F",152,"16A3","K3",1.02930127723516,"T3",2021-09-29
"296","00186D16A3","F",152,"16A3","K4",1.07837148491084,"T4",2021-11-04
"300","00186D16A3","F",152,"16A3","K5",1.09910836762689,"T5",2021-12-09
"301","00186D16A3","F",152,"16A3","K6",1.09902174840692,"T6",2022-01-06
"297","00186D16A3","F",152,"16A3","K7",1.18094665664914,"T7",2022-03-30
"302","00186D16A6","F",152,"16A6","K1",1.09093350340707,"T1",2021-07-29
"303","00186D16A6","F",152,"16A6","K2",0.912706702715201,"T2",2021-08-30
"304","00186D16A6","F",152,"16A6","K3",1.03,"T3",2021-09-29
"305","00186D16A6","F",152,"16A6","K4",1.12764761169481,"T4",2021-11-04
"307","00186D16A6","F",152,"16A6","K5",1.1245638914022,"T5",2021-12-09
"306","00186D16A6","F",152,"16A6","K6",1.13151730888683,"T6",2022-01-06
"308","00186D16A6","F",152,"16A6","K7",1.0643679283117,"T7",2022-03-30
"315","00186D16A7","F",201,"16A7","K1",1.07979699816435,"T1",2021-07-29
"312","00186D16A7","F",201,"16A7","K2",1.18868308569102,"T2",2021-08-30
"314","00186D16A7","F",201,"16A7","K3",1.11930345983844,"T3",2021-09-29
"313","00186D16A7","F",201,"16A7","K4",1.22745516435503,"T4",2021-11-04
"309","00186D16A7","F",201,"16A7","K5",1.28675734991245,"T5",2021-12-09
"311","00186D16A7","F",201,"16A7","K6",1.23394792739746,"T6",2022-01-06
"310","00186D16A7","F",201,"16A7","K7",1.2871180218119,"T7",2022-03-30
"321","00186D16A9","F",201,"16A9","K1",1.02505227766616,"T1",2021-07-29
"317","00186D16A9","F",201,"16A9","K2",1.04956268221574,"T2",2021-08-30
"319","00186D16A9","F",201,"16A9","K3",1.09739368998628,"T3",2021-09-29
"320","00186D16A9","F",201,"16A9","K4",1.14407824443166,"T4",2021-11-04
"316","00186D16A9","F",201,"16A9","K5",1.25,"T5",2021-12-09
"318","00186D16A9","F",201,"16A9","K6",1.25183309318082,"T6",2022-01-06
"322","00186D16A9","F",201,"16A9","K7",1.20032377154364,"T7",2022-03-30
"328","00186D16AA","M",152,"16AA","K1",1.03497925475406,"T1",2021-07-29
"326","00186D16AA","M",152,"16AA","K2",1,"T2",2021-08-30
"327","00186D16AA","M",152,"16AA","K3",1.01588132805868,"T3",2021-09-29
"325","00186D16AA","M",152,"16AA","K4",1.0690169591124,"T4",2021-11-04
"323","00186D16AA","M",152,"16AA","K5",NA,"T5",NA
"329","00186D16AA","M",152,"16AA","K6",NA,"T6",NA
"324","00186D16AA","M",152,"16AA","K7",NA,"T7",NA
"333","00186D16AB","M",151,"16AB","K1",1.1826251495673,"T1",2021-07-29
"330","00186D16AB","M",151,"16AB","K2",1.13136025659717,"T2",2021-08-30
"332","00186D16AB","M",151,"16AB","K3",1.12731746424377,"T3",2021-09-29
"334","00186D16AB","M",151,"16AB","K4",1.18050952540019,"T4",2021-11-04
"335","00186D16AB","M",151,"16AB","K5",NA,"T5",NA
"331","00186D16AB","M",151,"16AB","K6",NA,"T6",NA
"336","00186D16AB","M",151,"16AB","K7",NA,"T7",NA
"337","00186D16AE","M",152,"16AE","K1",0.96168294515402,"T1",2021-07-29
"338","00186D16AE","M",152,"16AE","K2",1.13777777777778,"T2",2021-08-30
"340","00186D16AE","M",152,"16AE","K3",1.25469571750563,"T3",2021-09-29
"343","00186D16AE","M",152,"16AE","K4",1.3037037037037,"T4",2021-11-04
"341","00186D16AE","M",152,"16AE","K5",1.34878486960298,"T5",2021-12-09
"342","00186D16AE","M",152,"16AE","K6",1.29835722920729,"T6",2022-01-06
"339","00186D16AE","M",152,"16AE","K7",1.33027570349074,"T7",2022-03-30
"350","00186D16B0","M",152,"16B0","K1",1.07119033591555,"T1",2021-07-29
"345","00186D16B0","M",152,"16B0","K2",0.962099125364431,"T2",2021-08-30
"346","00186D16B0","M",152,"16B0","K3",0.96169420149012,"T3",2021-09-29
"349","00186D16B0","M",152,"16B0","K4",1.0538818702084,"T4",2021-11-04
"348","00186D16B0","M",152,"16B0","K5",NA,"T5",NA
"344","00186D16B0","M",152,"16B0","K6",NA,"T6",NA
"347","00186D16B0","M",152,"16B0","K7",NA,"T7",NA
"353","00186D16B1","M",202,"16B1","K1",1.02595670462706,"T1",2021-07-29
"356","00186D16B1","M",202,"16B1","K2",1.04951150010177,"T2",2021-08-30
"352","00186D16B1","M",202,"16B1","K3",0.987108364756283,"T3",2021-09-29
"355","00186D16B1","M",202,"16B1","K4",1.12900585389535,"T4",2021-11-04
"351","00186D16B1","M",202,"16B1","K5",1.161329234965,"T5",2021-12-09
"357","00186D16B1","M",202,"16B1","K6",1.17672501526562,"T6",2022-01-06
"354","00186D16B1","M",202,"16B1","K7",1.17798353909465,"T7",2022-03-30
"358","00186D16B2","F",202,"16B2","K1",0.980015227928926,"T1",2021-07-29
"361","00186D16B2","F",202,"16B2","K2",1.00870968639564,"T2",2021-08-30
"362","00186D16B2","F",202,"16B2","K3",1.04296296296296,"T3",2021-09-29
"360","00186D16B2","F",202,"16B2","K4",1.20758362516604,"T4",2021-11-04
"364","00186D16B2","F",202,"16B2","K5",1.26696884110787,"T5",2021-12-09
"359","00186D16B2","F",202,"16B2","K6",1.23805188893946,"T6",2022-01-06
"363","00186D16B2","F",202,"16B2","K7",1.17647058823529,"T7",2022-03-30
"368","00186D16B3","M",151,"16B3","K1",1.18952687669893,"T1",2021-07-29
"367","00186D16B3","M",151,"16B3","K2",1.11929792037944,"T2",2021-08-30
"365","00186D16B3","M",151,"16B3","K3",1.15702479338843,"T3",2021-09-29
"370","00186D16B3","M",151,"16B3","K4",1.18036102663855,"T4",2021-11-04
"369","00186D16B3","M",151,"16B3","K5",NA,"T5",NA
"366","00186D16B3","M",151,"16B3","K6",NA,"T6",NA
"371","00186D16B3","M",151,"16B3","K7",NA,"T7",NA
"375","00186D16B5","F",201,"16B5","K1",1.15740740740741,"T1",2021-07-29
"372","00186D16B5","F",201,"16B5","K2",1.20141599447907,"T2",2021-08-30
"378","00186D16B5","F",201,"16B5","K3",1.15609515677259,"T3",2021-09-29
"376","00186D16B5","F",201,"16B5","K4",1.31776152009348,"T4",2021-11-04
"374","00186D16B5","F",201,"16B5","K5",1.39350285406148,"T5",2021-12-09
"377","00186D16B5","F",201,"16B5","K6",1.24974557296967,"T6",2022-01-06
"373","00186D16B5","F",201,"16B5","K7",1.60495446158992,"T7",2022-02-04
"383","00186D16B8","F",152,"16B8","K1",1.18794986851555,"T1",2021-07-29
"379","00186D16B8","F",152,"16B8","K2",1.07421875,"T2",2021-08-30
"385","00186D16B8","F",152,"16B8","K3",1.17481913400281,"T3",2021-09-29
"382","00186D16B8","F",152,"16B8","K4",1.14023733870863,"T4",2021-11-04
"380","00186D16B8","F",152,"16B8","K5",1.15928865500972,"T5",2021-12-09
"384","00186D16B8","F",152,"16B8","K6",0.977489851982451,"T6",2022-01-06
"381","00186D16B8","F",152,"16B8","K7",1.33254015466984,"T7",2022-03-30
"387","00186D16B9","M",202,"16B9","K1",1.05598543468366,"T1",2021-07-29
"386","00186D16B9","M",202,"16B9","K2",1.1398330958681,"T2",2021-08-30
"392","00186D16B9","M",202,"16B9","K3",1.07735506419969,"T3",2021-09-29
"389","00186D16B9","M",202,"16B9","K4",1.08718872070312,"T4",2021-11-04
"388","00186D16B9","M",202,"16B9","K5",1.11806571082612,"T5",2021-12-09
"391","00186D16B9","M",202,"16B9","K6",1.14274687734786,"T6",2022-01-06
"390","00186D16B9","M",202,"16B9","K7",1.10459804637612,"T7",2022-02-04
"399","00186D16BB","F",202,"16BB","K1",0.922547049899545,"T1",2021-07-29
"397","00186D16BB","F",202,"16BB","K2",1.18006035165798,"T2",2021-08-30
"395","00186D16BB","F",202,"16BB","K3",1.16847969483834,"T3",2021-09-29
"396","00186D16BB","F",202,"16BB","K4",1.31738310746938,"T4",2021-11-04
"394","00186D16BB","F",202,"16BB","K5",1.2756511926214,"T5",2021-12-09
"393","00186D16BB","F",202,"16BB","K6",1.14334533663759,"T6",2022-01-06
"398","00186D16BB","F",202,"16BB","K7",1.25152540930201,"T7",2022-02-04
"403","00186D16BD","M",201,"16BD","K1",1.06481481481481,"T1",2021-07-29
"402","00186D16BD","M",201,"16BD","K2",1.18457501093454,"T2",2021-08-30
"404","00186D16BD","M",201,"16BD","K3",1.03440092974389,"T3",2021-09-29
"406","00186D16BD","M",201,"16BD","K4",1.17392937640871,"T4",2021-11-04
"400","00186D16BD","M",201,"16BD","K5",1.11111111111111,"T5",2021-12-09
"401","00186D16BD","M",201,"16BD","K6",1.12108876229007,"T6",2022-01-06
"405","00186D16BD","M",201,"16BD","K7",NA,"T7",NA
"411","00186D16C5","F",202,"16C5","K1",1.18794986851555,"T1",2021-07-29
"410","00186D16C5","F",202,"16C5","K2",1.13517461946972,"T2",2021-08-30
"408","00186D16C5","F",202,"16C5","K3",1.09524804325824,"T3",2021-09-29
"413","00186D16C5","F",202,"16C5","K4",1.16618075801749,"T4",2021-11-04
"409","00186D16C5","F",202,"16C5","K5",1.16736,"T5",2021-12-09
"407","00186D16C5","F",202,"16C5","K6",1.2600370310883,"T6",2022-01-06
"412","00186D16C5","F",202,"16C5","K7",1.26823682703887,"T7",2022-03-30
"415","00186D16C8","F",152,"16C8","K1",0.924556213017751,"T1",2021-07-29
"420","00186D16C8","F",152,"16C8","K2",1.15740740740741,"T2",2021-08-30
"419","00186D16C8","F",152,"16C8","K3",1.07871720116618,"T3",2021-09-29
"418","00186D16C8","F",152,"16C8","K4",1.05468330091534,"T4",2021-11-04
"416","00186D16C8","F",152,"16C8","K5",1.07469977610421,"T5",2021-12-09
"417","00186D16C8","F",152,"16C8","K6",0.975217437369369,"T6",2022-01-06
"414","00186D16C8","F",152,"16C8","K7",0.991398162997521,"T7",2022-02-04
"423","00186D16CA","M",152,"16CA","K1",0.983158852981338,"T1",2021-07-29
"421","00186D16CA","M",152,"16CA","K2",1.05841644616324,"T2",2021-08-30
"422","00186D16CA","M",152,"16CA","K3",1.07175145886414,"T3",2021-09-29
"426","00186D16CA","M",152,"16CA","K4",1.0482306670096,"T4",2021-11-04
"427","00186D16CA","M",152,"16CA","K5",NA,"T5",NA
"424","00186D16CA","M",152,"16CA","K6",NA,"T6",NA
"425","00186D16CA","M",152,"16CA","K7",NA,"T7",NA
"430","00186D16CC","M",151,"16CC","K1",1.13078680145645,"T1",2021-07-29
"429","00186D16CC","M",151,"16CC","K2",1.10787172011662,"T2",2021-08-30
"428","00186D16CC","M",151,"16CC","K3",1.22805158779846,"T3",2021-09-29
"431","00186D16CC","M",151,"16CC","K4",1.21640502999918,"T4",2021-11-04
"432","00186D16CC","M",151,"16CC","K5",NA,"T5",NA
"434","00186D16CC","M",151,"16CC","K6",NA,"T6",NA
"433","00186D16CC","M",151,"16CC","K7",NA,"T7",NA
"440","00186D16CD","M",152,"16CD","K1",1.26345328381483,"T1",2021-07-29
"441","00186D16CD","M",152,"16CD","K2",1.11726391057779,"T2",2021-08-30
"437","00186D16CD","M",152,"16CD","K3",1.13152,"T3",2021-09-29
"436","00186D16CD","M",152,"16CD","K4",1.26220703125,"T4",2021-11-04
"439","00186D16CD","M",152,"16CD","K5",1.21,"T5",2021-12-09
"438","00186D16CD","M",152,"16CD","K6",1.16437832527361,"T6",2022-01-06
"435","00186D16CD","M",152,"16CD","K7",1.27958579881657,"T7",2022-03-30
"444","00186D16D7","M",202,"16D7","K1",1.11988080572989,"T1",2021-07-29
"445","00186D16D7","M",202,"16D7","K2",1.2562962962963,"T2",2021-08-30
"446","00186D16D7","M",202,"16D7","K3",1.204966415632,"T3",2021-09-29
"448","00186D16D7","M",202,"16D7","K4",1.41644269314869,"T4",2021-11-04
"447","00186D16D7","M",202,"16D7","K5",NA,"T5",NA
"443","00186D16D7","M",202,"16D7","K6",NA,"T6",NA
"442","00186D16D7","M",202,"16D7","K7",NA,"T7",NA
"454","00186D16D9","F",202,"16D9","K1",1.06481481481481,"T1",2021-07-29
"452","00186D16D9","F",202,"16D9","K2",1.09375,"T2",2021-08-30
"455","00186D16D9","F",202,"16D9","K3",1.13010602449248,"T3",2021-09-29
"449","00186D16D9","F",202,"16D9","K4",1.26243116626942,"T4",2021-11-04
"450","00186D16D9","F",202,"16D9","K5",1.34938779657573,"T5",2021-12-09
"453","00186D16D9","F",202,"16D9","K6",1.25757682479385,"T6",2022-01-06
"451","00186D16D9","F",202,"16D9","K7",1.11947893344189,"T7",2022-03-30
"459","00186D16DB","M",152,"16DB","K1",1.07471268228135,"T1",2021-07-29
"457","00186D16DB","M",152,"16DB","K2",1.09345385624727,"T2",2021-08-30
"458","00186D16DB","M",152,"16DB","K3",1.48407861906484,"T3",2021-09-29
"462","00186D16DB","M",152,"16DB","K4",1.07871720116618,"T4",2021-11-04
"461","00186D16DB","M",152,"16DB","K5",1.18297376093294,"T5",2021-12-09
"460","00186D16DB","M",152,"16DB","K6",1.13784681700283,"T6",2022-01-06
"456","00186D16DB","M",152,"16DB","K7",1.21059416755576,"T7",2022-02-04
"467","00186D16DE","M",201,"16DE","K1",1.11988080572989,"T1",2021-07-29
"465","00186D16DE","M",201,"16DE","K2",1.31280006858711,"T2",2021-08-30
"464","00186D16DE","M",201,"16DE","K3",1.18868308569102,"T3",2021-09-29
"468","00186D16DE","M",201,"16DE","K4",1.34130339699665,"T4",2021-11-04
"469","00186D16DE","M",201,"16DE","K5",1.408,"T5",2021-12-09
"466","00186D16DE","M",201,"16DE","K6",1.27170404063542,"T6",2022-01-06
"463","00186D16DE","M",201,"16DE","K7",1.35355180134337,"T7",2022-03-30
"474","00186D16E3","M",201,"16E3","K1",1.07995442592323,"T1",2021-07-29
"472","00186D16E3","M",201,"16E3","K2",1.15676178675996,"T2",2021-08-30
"475","00186D16E3","M",201,"16E3","K3",1.17888597089421,"T3",2021-09-29
"471","00186D16E3","M",201,"16E3","K4",1.20713305898491,"T4",2021-11-04
"476","00186D16E3","M",201,"16E3","K5",1.21074192080109,"T5",2021-12-09
"473","00186D16E3","M",201,"16E3","K6",1.15929655079423,"T6",2022-01-06
"470","00186D16E3","M",201,"16E3","K7",1.20028995768641,"T7",2022-03-30
"481","00186D16E5","F",201,"16E5","K1",0.9918212890625,"T1",2021-07-29
"477","00186D16E5","F",201,"16E5","K2",0.979552412888176,"T2",2021-08-30
"478","00186D16E5","F",201,"16E5","K3",1.00701554160653,"T3",2021-09-29
"482","00186D16E5","F",201,"16E5","K4",1.07438016528926,"T4",2021-11-04
"479","00186D16E5","F",201,"16E5","K5",1.16648884824468,"T5",2021-12-09
"480","00186D16E5","F",201,"16E5","K6",1.14723360633295,"T6",2022-01-06
"483","00186D16E5","F",201,"16E5","K7",1.12253943736988,"T7",2022-03-30
"487","00186D16E6","M",151,"16E6","K1",1.2037037037037,"T1",2021-07-29
"485","00186D16E6","M",151,"16E6","K2",1.10055879038317,"T2",2021-08-30
"484","00186D16E6","M",151,"16E6","K3",1.13152,"T3",2021-09-29
"488","00186D16E6","M",151,"16E6","K4",1.21100815315691,"T4",2021-11-04
"486","00186D16E6","M",151,"16E6","K5",NA,"T5",NA
"489","00186D16E6","M",151,"16E6","K6",NA,"T6",NA
"490","00186D16E6","M",151,"16E6","K7",NA,"T7",NA
"494","00186D16E7","F",201,"16E7","K1",1.16857127554424,"T1",2021-07-29
"496","00186D16E7","F",201,"16E7","K2",1.18518518518519,"T2",2021-08-30
"492","00186D16E7","F",201,"16E7","K3",NA,"T3",2021-09-29
"493","00186D16E7","F",201,"16E7","K4",1.27099191057476,"T4",2021-11-04
"491","00186D16E7","F",201,"16E7","K5",1.19212962962963,"T5",2021-12-09
"495","00186D16E7","F",201,"16E7","K6",1.31087847064178,"T6",2022-01-06
"497","00186D16E7","F",201,"16E7","K7",1.37491188614011,"T7",2022-03-30
"504","00186D16EA","M",201,"16EA","K1",1.07119033591555,"T1",2021-07-29
"501","00186D16EA","M",201,"16EA","K2",1.0796443343093,"T2",2021-08-30
"500","00186D16EA","M",201,"16EA","K3",1.06292517006803,"T3",2021-09-29
"498","00186D16EA","M",201,"16EA","K4",1.13510971568976,"T4",2021-11-04
"503","00186D16EA","M",201,"16EA","K5",1.15938058397822,"T5",2021-12-09
"502","00186D16EA","M",201,"16EA","K6",1.16301635205525,"T6",2022-01-06
"499","00186D16EA","M",201,"16EA","K7",1.23155496873232,"T7",2022-03-30
"511","00186D16EB","M",201,"16EB","K1",1.08190597667638,"T1",2021-07-29
"508","00186D16EB","M",201,"16EB","K2",1.22935590132743,"T2",2021-08-30
"510","00186D16EB","M",201,"16EB","K3",1.1398330958681,"T3",2021-09-29
"506","00186D16EB","M",201,"16EB","K4",1.26782511737878,"T4",2021-11-04
"505","00186D16EB","M",201,"16EB","K5",1.21740824220163,"T5",2021-12-09
"507","00186D16EB","M",201,"16EB","K6",1.13481481481481,"T6",2022-01-06
"509","00186D16EB","M",201,"16EB","K7",1.21548758541205,"T7",2022-03-30
"517","00186D16EF","M",152,"16EF","K1",0.904629441165163,"T1",2021-07-29
"518","00186D16EF","M",152,"16EF","K2",1.06396066005459,"T2",2021-08-30
"512","00186D16EF","M",152,"16EF","K3",1.10142242734925,"T3",2021-09-29
"516","00186D16EF","M",152,"16EF","K4",1.01920698946504,"T4",2021-11-04
"513","00186D16EF","M",152,"16EF","K5",1.02168354365968,"T5",2021-12-09
"514","00186D16EF","M",152,"16EF","K6",0.95826424402072,"T6",2022-01-06
"515","00186D16EF","M",152,"16EF","K7",1.11547348291851,"T7",2022-03-30
"524","00186D16F3","F",152,"16F3","K1",1.12755750543278,"T1",2021-07-29
"520","00186D16F3","F",152,"16F3","K2",1.09846536351166,"T2",2021-08-30
"523","00186D16F3","F",152,"16F3","K3",1.12855316197587,"T3",2021-09-29
"519","00186D16F3","F",152,"16F3","K4",1.18322612385353,"T4",2021-11-04
"522","00186D16F3","F",152,"16F3","K5",1.22434188184688,"T5",2021-12-09
"525","00186D16F3","F",152,"16F3","K6",1.24575002138516,"T6",2022-01-06
"521","00186D16F3","F",152,"16F3","K7",1.33591260810196,"T7",2022-03-30
"531","00186D16F5","F",151,"16F5","K1",0.922547049899545,"T1",2021-07-29
"529","00186D16F5","F",151,"16F5","K2",1.1390144335909,"T2",2021-08-30
"527","00186D16F5","F",151,"16F5","K3",1.13559047307534,"T3",2021-09-29
"526","00186D16F5","F",151,"16F5","K4",1.25210736791009,"T4",2021-11-04
"530","00186D16F5","F",151,"16F5","K5",1.13877027173521,"T5",2021-12-09
"528","00186D16F5","F",151,"16F5","K6",1.27823839414588,"T6",2022-01-06
"532","00186D16F5","F",151,"16F5","K7",NA,"T7",NA
"538","00186D16F6","F",151,"16F6","K1",1.1419984973704,"T1",2021-07-29
"533","00186D16F6","F",151,"16F6","K2",1.11407407407407,"T2",2021-08-30
"535","00186D16F6","F",151,"16F6","K3",1.15569526627219,"T3",2021-09-29
"536","00186D16F6","F",151,"16F6","K4",1.27213515163851,"T4",2021-11-04
"537","00186D16F6","F",151,"16F6","K5",NA,"T5",NA
"534","00186D16F6","F",151,"16F6","K6",NA,"T6",NA
"539","00186D16F6","F",151,"16F6","K7",NA,"T7",NA
"543","00186D16FA","F",152,"16FA","K1",1.07995442592323,"T1",2021-07-29
"541","00186D16FA","F",152,"16FA","K2",1.09524804325824,"T2",2021-08-30
"546","00186D16FA","F",152,"16FA","K3",1.14890400604686,"T3",2021-09-29
"544","00186D16FA","F",152,"16FA","K4",1.16958148982942,"T4",2021-11-04
"540","00186D16FA","F",152,"16FA","K5",1.1962890625,"T5",2021-12-09
"545","00186D16FA","F",152,"16FA","K6",1.22265036533636,"T6",2022-01-06
"542","00186D16FA","F",152,"16FA","K7",1.18406231220259,"T7",2022-03-30
"550","00186D16FE","M",152,"16FE","K1",1.02178812922615,"T1",2021-07-29
"553","00186D16FE","M",152,"16FE","K2",0.962099125364431,"T2",2021-08-30
"551","00186D16FE","M",152,"16FE","K3",1.10142242734925,"T3",2021-09-29
"547","00186D16FE","M",152,"16FE","K4",1.06645499559919,"T4",2021-11-04
"548","00186D16FE","M",152,"16FE","K5",1.13803790072652,"T5",2021-12-09
"549","00186D16FE","M",152,"16FE","K6",1.10855778183014,"T6",2022-01-06
"552","00186D16FE","M",152,"16FE","K7",1.13140438991834,"T7",2022-03-30
"554","00186D16FF","F",201,"16FF","K1",0.971958983330903,"T1",2021-07-29
"557","00186D16FF","F",201,"16FF","K2",1.08965636708567,"T2",2021-08-30
"560","00186D16FF","F",201,"16FF","K3",1.1398330958681,"T3",2021-09-29
"559","00186D16FF","F",201,"16FF","K4",1.39077853363568,"T4",2021-11-04
"558","00186D16FF","F",201,"16FF","K5",1.37886764221552,"T5",2021-12-09
"555","00186D16FF","F",201,"16FF","K6",1.36454959202919,"T6",2022-01-06
"556","00186D16FF","F",201,"16FF","K7",1.48563930602129,"T7",2022-03-30
"561","00186D1703","M",202,"1703","K1",1.07630489154947,"T1",2021-07-29
"565","00186D1703","M",202,"1703","K2",1.20920774682645,"T2",2021-08-30
"562","00186D1703","M",202,"1703","K3",0.937752946518469,"T3",2021-09-29
"567","00186D1703","M",202,"1703","K4",1.09345385624727,"T4",2021-11-04
"566","00186D1703","M",202,"1703","K5",1.07115862217903,"T5",2021-12-09
"563","00186D1703","M",202,"1703","K6",0.958859734369938,"T6",2022-01-06
"564","00186D1703","M",202,"1703","K7",1.26777327324391,"T7",2022-03-30
"572","001872939D","F",202,"939D","K1",0.973809396286865,"T1",2021-07-29
"571","001872939D","F",202,"939D","K2",1.08131487889273,"T2",2021-08-30
"569","001872939D","F",202,"939D","K3",1.11623414491908,"T3",2021-09-29
"570","001872939D","F",202,"939D","K4",1.10633914191611,"T4",2021-11-04
"574","001872939D","F",202,"939D","K5",1.10571212612029,"T5",2021-12-09
"573","001872939D","F",202,"939D","K6",1.02996826171875,"T6",2022-01-06
"568","001872939D","F",202,"939D","K7",1.17539026629936,"T7",2022-03-30
"577","00187293A2","F",202,"93A2","K1",1.02505227766616,"T1",2021-07-29
"579","00187293A2","F",202,"93A2","K2",1.23242455418381,"T2",2021-08-30
"580","00187293A2","F",202,"93A2","K3",1.21058523148905,"T3",2021-09-29
"576","00187293A2","F",202,"93A2","K4",1.338728518101,"T4",2021-11-04
"578","00187293A2","F",202,"93A2","K5",1.30208333333333,"T5",2021-12-09
"575","00187293A2","F",202,"93A2","K6",1.26809937509526,"T6",2022-01-06
"581","00187293A2","F",202,"93A2","K7",0.725794745246044,"T7",2022-03-30
"584","00187293A4","M",152,"93A4","K1",1.10626220703125,"T1",2021-07-29
"586","00187293A4","M",152,"93A4","K2",1.17239975575005,"T2",2021-08-30
"585","00187293A4","M",152,"93A4","K3",1.16731960641399,"T3",2021-09-29
"582","00187293A4","M",152,"93A4","K4",1.15057273574546,"T4",2021-11-04
"583","00187293A4","M",152,"93A4","K5",NA,"T5",NA
"587","00187293A4","M",152,"93A4","K6",NA,"T6",NA
"588","00187293A4","M",152,"93A4","K7",NA,"T7",NA
"590","00187293A7","F",152,"93A7","K1",1.1131182576837,"T1",2021-07-29
"592","00187293A7","F",152,"93A7","K2",1.06995884773663,"T2",2021-08-30
"591","00187293A7","F",152,"93A7","K3",1.09614158163265,"T3",2021-09-29
"593","00187293A7","F",152,"93A7","K4",1.07336487833448,"T4",2021-11-04
"594","00187293A7","F",152,"93A7","K5",1.064453125,"T5",2021-12-09
"589","00187293A7","F",152,"93A7","K6",1.06481481481481,"T6",2022-01-06
"595","00187293A7","F",152,"93A7","K7",1.15943642114441,"T7",2022-02-04
"601","00187293A8","M",201,"93A8","K1",1.03071188942789,"T1",2021-07-29
"600","00187293A8","M",201,"93A8","K2",1.18860349361382,"T2",2021-08-30
"598","00187293A8","M",201,"93A8","K3",1.21456332876086,"T3",2021-09-29
"597","00187293A8","M",201,"93A8","K4",1.26991351843423,"T4",2021-11-04
"599","00187293A8","M",201,"93A8","K5",1.13791533909877,"T5",2021-12-09
"602","00187293A8","M",201,"93A8","K6",1.01918915136531,"T6",2022-01-06
"596","00187293A8","M",201,"93A8","K7",1.17881011931609,"T7",2022-02-04
"607","00187293B2","F",152,"93B2","K1",1.02249986610121,"T1",2021-07-29
"608","00187293B2","F",152,"93B2","K2",1.03255280770074,"T2",2021-08-30
"604","00187293B2","F",152,"93B2","K3",1.09309390807457,"T3",2021-09-29
"605","00187293B2","F",152,"93B2","K4",1.13299536942805,"T4",2021-11-04
"606","00187293B2","F",152,"93B2","K5",1.2158203125,"T5",2021-12-09
"609","00187293B2","F",152,"93B2","K6",1.23358342768778,"T6",2022-01-06
"603","00187293B2","F",152,"93B2","K7",1.22855274366571,"T7",2022-02-04
"616","00187293BA","M",152,"93BA","K1",0.962099125364431,"T1",2021-07-29
"610","00187293BA","M",152,"93BA","K2",1.12061665122864,"T2",2021-08-30
"613","00187293BA","M",152,"93BA","K3",1.16757294052933,"T3",2021-09-29
"615","00187293BA","M",152,"93BA","K4",1.21358012787477,"T4",2021-11-04
"611","00187293BA","M",152,"93BA","K5",1.29847645429363,"T5",2021-12-09
"612","00187293BA","M",152,"93BA","K6",1.25578565409335,"T6",2022-01-06
"614","00187293BA","M",152,"93BA","K7",1.32900446490541,"T7",2022-03-30
"618","00187293BC","F",152,"93BC","K1",1.03071188942789,"T1",2021-07-29
"621","00187293BC","F",152,"93BC","K2",1.1196967487972,"T2",2021-08-30
"623","00187293BC","F",152,"93BC","K3",1.14701866181156,"T3",2021-09-29
"622","00187293BC","F",152,"93BC","K4",1.17208470567752,"T4",2021-11-04
"619","00187293BC","F",152,"93BC","K5",1.18815219406935,"T5",2021-12-09
"617","00187293BC","F",152,"93BC","K6",1.23760790588557,"T6",2022-01-06
"620","00187293BC","F",152,"93BC","K7",1.20617323943099,"T7",2022-03-30
"624","00187293C0","F",202,"93C0","K1",1.10787172011662,"T1",2021-07-29
"630","00187293C0","F",202,"93C0","K2",1.19486334536582,"T2",2021-08-30
"626","00187293C0","F",202,"93C0","K3",1.06137920979735,"T3",2021-09-29
"629","00187293C0","F",202,"93C0","K4",1.1403706589036,"T4",2021-11-04
"625","00187293C0","F",202,"93C0","K5",1.11657268549287,"T5",2021-12-09
"627","00187293C0","F",202,"93C0","K6",1.15102456397973,"T6",2022-01-06
"628","00187293C0","F",202,"93C0","K7",1.1975,"T7",2022-03-30
"632","00187293D0","F",202,"93D0","K1",0.987108364756283,"T1",2021-07-29
"634","00187293D0","F",202,"93D0","K2",1.1398330958681,"T2",2021-08-30
"636","00187293D0","F",202,"93D0","K3",0.96169420149012,"T3",2021-09-29
"637","00187293D0","F",202,"93D0","K4",0.976999796458376,"T4",2021-11-04
"635","00187293D0","F",202,"93D0","K5",1.07979699816435,"T5",2021-12-09
"633","00187293D0","F",202,"93D0","K6",1.12268518518519,"T6",2022-01-06
"631","00187293D0","F",202,"93D0","K7",1.16952409851818,"T7",2022-03-30
"638","00187293DC","F",151,"93DC","K1",1.02496355685131,"T1",2021-07-29
"640","00187293DC","F",151,"93DC","K2",1.09521108003145,"T2",2021-08-30
"642","00187293DC","F",151,"93DC","K3",1.09707375013497,"T3",2021-09-29
"643","00187293DC","F",151,"93DC","K4",1.19657077938571,"T4",2021-11-04
"644","00187293DC","F",151,"93DC","K5",1.17435179408308,"T5",2021-12-09
"641","00187293DC","F",151,"93DC","K6",1.21991851876716,"T6",2022-01-06
"639","00187293DC","F",151,"93DC","K7",1.20858493339666,"T7",2022-03-30
"645","00187293ED","F",201,"93ED","K1",1.0489745225068,"T1",2021-07-29
"649","00187293ED","F",201,"93ED","K2",1.07871720116618,"T2",2021-08-30
"646","00187293ED","F",201,"93ED","K3",1.07496567208679,"T3",2021-09-29
"648","00187293ED","F",201,"93ED","K4",1.15428337038377,"T4",2021-11-04
"651","00187293ED","F",201,"93ED","K5",NA,"T5",NA
"647","00187293ED","F",201,"93ED","K6",NA,"T6",NA
"650","00187293ED","F",201,"93ED","K7",NA,"T7",NA
"653","00187293F6","M",151,"93F6","K1",1.01770812131081,"T1",2021-07-29
"656","00187293F6","M",151,"93F6","K2",1.16598079561043,"T2",2021-08-30
"652","00187293F6","M",151,"93F6","K3",1.20373997711819,"T3",2021-09-29
"654","00187293F6","M",151,"93F6","K4",1.21378939948307,"T4",2021-11-04
"658","00187293F6","M",151,"93F6","K5",1.19084947487314,"T5",2021-12-09
"657","00187293F6","M",151,"93F6","K6",1.10390421219828,"T6",2022-01-06
"655","00187293F6","M",151,"93F6","K7",1.15388771692709,"T7",2022-03-30
"660","001872946B","F",202,"946B","K1",1.07119033591555,"T1",2021-07-29
"662","001872946B","F",202,"946B","K2",1.13777777777778,"T2",2021-08-30
"664","001872946B","F",202,"946B","K3",1.23409681844166,"T3",2021-09-29
"659","001872946B","F",202,"946B","K4",1.16599696584526,"T4",2021-11-04
"661","001872946B","F",202,"946B","K5",NA,"T5",NA
"663","001872946B","F",202,"946B","K6",NA,"T6",NA
"665","001872946B","F",202,"946B","K7",NA,"T7",NA
"667","001872946F","F",151,"946F","K1",1.02249986610121,"T1",2021-07-29
"672","001872946F","F",151,"946F","K2",0.987108364756283,"T2",2021-08-30
"671","001872946F","F",151,"946F","K3",1.01998317027769,"T3",2021-09-29
"670","001872946F","F",151,"946F","K4",1.08640476819307,"T4",2021-11-04
"668","001872946F","F",151,"946F","K5",1.05461222852786,"T5",2021-12-09
"669","001872946F","F",151,"946F","K6",1.05281207133059,"T6",2022-01-06
"666","001872946F","F",151,"946F","K7",1.10707449531797,"T7",2022-03-30
"674","001872948A","F",201,"948A","K1",1.12525720164609,"T1",2021-07-29
"679","001872948A","F",201,"948A","K2",1.09636973319726,"T2",2021-08-30
"673","001872948A","F",201,"948A","K3",1.09345385624727,"T3",2021-09-29
"677","001872948A","F",201,"948A","K4",1.17432862994993,"T4",2021-11-04
"675","001872948A","F",201,"948A","K5",1.16838965656502,"T5",2021-12-09
"678","001872948A","F",201,"948A","K6",1.1291530846031,"T6",2022-01-06
"676","001872948A","F",201,"948A","K7",1.21458647255797,"T7",2022-02-04
"683","001872948B","F",201,"948B","K1",1.10626220703125,"T1",2021-07-29
"686","001872948B","F",201,"948B","K2",1.17176501039723,"T2",2021-08-30
"685","001872948B","F",201,"948B","K3",1.13559047307534,"T3",2021-09-29
"684","001872948B","F",201,"948B","K4",1.1215558887915,"T4",2021-11-04
"682","001872948B","F",201,"948B","K5",1.26222222222222,"T5",2021-12-09
"680","001872948B","F",201,"948B","K6",1.18896484375,"T6",2022-01-06
"681","001872948B","F",201,"948B","K7",1.25107827587166,"T7",2022-02-04
"687","001872948D","M",152,"948D","K1",1.0448816872428,"T1",2021-07-29
"692","001872948D","M",152,"948D","K2",1.04012573964497,"T2",2021-08-30
"688","001872948D","M",152,"948D","K3",1.0594954875124,"T3",2021-09-29
"689","001872948D","M",152,"948D","K4",1.1757846784797,"T4",2021-11-04
"690","001872948D","M",152,"948D","K5",1.16518042436515,"T5",2021-12-09
"691","001872948D","M",152,"948D","K6",1.15394098791814,"T6",2022-01-06
"693","001872948D","M",152,"948D","K7",1.24922614575507,"T7",2022-03-30
"694","001872949A","F",201,"949A","K1",0.837074468788137,"T1",2021-07-29
"696","001872949A","F",201,"949A","K2",1.09846536351166,"T2",2021-08-30
"697","001872949A","F",201,"949A","K3",1.07421875,"T3",2021-09-29
"695","001872949A","F",201,"949A","K4",1.17,"T4",2021-11-04
"700","001872949A","F",201,"949A","K5",1.17301940917969,"T5",2021-12-09
"698","001872949A","F",201,"949A","K6",1.16640146831629,"T6",2022-01-06
"699","001872949A","F",201,"949A","K7",1.10857505584637,"T7",2022-03-30
"701","001872949D","M",201,"949D","K1",0.979552412888176,"T1",2021-07-29
"705","001872949D","M",201,"949D","K2",1.07488212789505,"T2",2021-08-30
"702","001872949D","M",201,"949D","K3",1.04823735976186,"T3",2021-09-29
"706","001872949D","M",201,"949D","K4",1.09953703703704,"T4",2021-11-04
"707","001872949D","M",201,"949D","K5",1.06493139942784,"T5",2021-12-09
"703","001872949D","M",201,"949D","K6",1.06410346713326,"T6",2022-01-06
"704","001872949D","M",201,"949D","K7",1.17751352878936,"T7",2022-03-30
"708","001872949E","F",202,"949E","K1",1.00252688185863,"T1",2021-07-29
"710","001872949E","F",202,"949E","K2",1.17392937640871,"T2",2021-08-30
"712","001872949E","F",202,"949E","K3",1.03660511823777,"T3",2021-09-29
"709","001872949E","F",202,"949E","K4",1.07288360595703,"T4",2021-11-04
"713","001872949E","F",202,"949E","K5",NA,"T5",NA
"714","001872949E","F",202,"949E","K6",NA,"T6",NA
"711","001872949E","F",202,"949E","K7",NA,"T7",NA
"721","00187294A1","F",152,"94A1","K1",1.10787172011662,"T1",2021-07-29
"717","00187294A1","F",152,"94A1","K2",1.1196967487972,"T2",2021-08-30
"715","00187294A1","F",152,"94A1","K3",1.14176,"T3",2021-09-29
"718","00187294A1","F",152,"94A1","K4",1.14175755093279,"T4",2021-11-04
"720","00187294A1","F",152,"94A1","K5",1.19752712254459,"T5",2021-12-09
"716","00187294A1","F",152,"94A1","K6",1.11532889733666,"T6",2022-01-06
"719","00187294A1","F",152,"94A1","K7",1.12361210932515,"T7",2022-03-30
"722","00187294A9","F",152,"94A9","K1",1.20852839405658,"T1",2021-07-29
"723","00187294A9","F",152,"94A9","K2",1.16598079561043,"T2",2021-08-30
"727","00187294A9","F",152,"94A9","K3",1.13635441270769,"T3",2021-09-29
"725","00187294A9","F",152,"94A9","K4",1.22002510683246,"T4",2021-11-04
"728","00187294A9","F",152,"94A9","K5",1.22794818058678,"T5",2021-12-09
"726","00187294A9","F",152,"94A9","K6",1.16718797606791,"T6",2022-01-06
"724","00187294A9","F",152,"94A9","K7",1.18601751814343,"T7",2022-03-30
"735","00187294B5","F",151,"94B5","K1",0.952598689224203,"T1",2021-07-29
"733","00187294B5","F",151,"94B5","K2",0.92229798493792,"T2",2021-08-30
"734","00187294B5","F",151,"94B5","K3",1.00956645634032,"T3",2021-09-29
"729","00187294B5","F",151,"94B5","K4",0.965562175487147,"T4",2021-11-04
"730","00187294B5","F",151,"94B5","K5",1.01740545955422,"T5",2021-12-09
"731","00187294B5","F",151,"94B5","K6",1.01792269409904,"T6",2022-01-06
"732","00187294B5","F",151,"94B5","K7",1.04177301753947,"T7",2022-03-30
"737","00187294B8","M",202,"94B8","K1",1.28279883381924,"T1",2021-07-29
"736","00187294B8","M",202,"94B8","K2",1.19341563786008,"T2",2021-08-30
"739","00187294B8","M",202,"94B8","K3",1.15569526627219,"T3",2021-09-29
"742","00187294B8","M",202,"94B8","K4",1.16960659259508,"T4",2021-11-04
"740","00187294B8","M",202,"94B8","K5",1.22350239862233,"T5",2021-12-09
"738","00187294B8","M",202,"94B8","K6",1.23144161511404,"T6",2022-01-06
"741","00187294B8","M",202,"94B8","K7",1.28495842781557,"T7",2022-03-30
"746","00187294B9","F",151,"94B9","K1",1.04951150010177,"T1",2021-07-29
"747","00187294B9","F",151,"94B9","K2",1.05336637025671,"T2",2021-08-30
"745","00187294B9","F",151,"94B9","K3",1.12298887809092,"T3",2021-09-29
"749","00187294B9","F",151,"94B9","K4",1.08091709810679,"T4",2021-11-04
"744","00187294B9","F",151,"94B9","K5",1.15108565552353,"T5",2021-12-09
"743","00187294B9","F",151,"94B9","K6",1.11206997084548,"T6",2022-01-06
"748","00187294B9","F",151,"94B9","K7",1.1104,"T7",2022-03-30
"752","00187294BD","F",201,"94BD","K1",1.07630489154947,"T1",2021-07-29
"755","00187294BD","F",201,"94BD","K2",1.16370697193471,"T2",2021-08-30
"751","00187294BD","F",201,"94BD","K3",1.09521108003145,"T3",2021-09-29
"754","00187294BD","F",201,"94BD","K4",1.19486334536582,"T4",2021-11-04
"750","00187294BD","F",201,"94BD","K5",1.13010602449248,"T5",2021-12-09
"753","00187294BD","F",201,"94BD","K6",1.36763961226852,"T6",2022-01-06
"756","00187294BD","F",201,"94BD","K7",1.17205108940646,"T7",2022-03-30
"757","00187294BF","F",201,"94BF","K1",1.08190597667638,"T1",2021-07-29
"758","00187294BF","F",201,"94BF","K2",1.16179472226272,"T2",2021-08-30
"761","00187294BF","F",201,"94BF","K3",1.201341303397,"T3",2021-09-29
"762","00187294BF","F",201,"94BF","K4",1.408,"T4",2021-11-04
"760","00187294BF","F",201,"94BF","K5",NA,"T5",NA
"763","00187294BF","F",201,"94BF","K6",NA,"T6",NA
"759","00187294BF","F",201,"94BF","K7",NA,"T7",NA
"766","00187294C1","F",202,"94C1","K1",1.04956268221574,"T1",2021-07-29
"769","00187294C1","F",202,"94C1","K2",1.18868308569102,"T2",2021-08-30
"770","00187294C1","F",202,"94C1","K3",1.10142242734925,"T3",2021-09-29
"768","00187294C1","F",202,"94C1","K4",0.989374544460642,"T4",2021-11-04
"765","00187294C1","F",202,"94C1","K5",1.13702623906706,"T5",2021-12-09
"767","00187294C1","F",202,"94C1","K6",1.13274920264622,"T6",2022-01-06
"764","00187294C1","F",202,"94C1","K7",1.33784256559767,"T7",2022-03-30
"777","00187294C4","M",152,"94C4","K1",0.973799663782853,"T1",2021-07-29
"776","00187294C4","M",152,"94C4","K2",1.07871720116618,"T2",2021-08-30
"773","00187294C4","M",152,"94C4","K3",1.10142242734925,"T3",2021-09-29
"771","00187294C4","M",152,"94C4","K4",1.11136513742824,"T4",2021-11-04
"772","00187294C4","M",152,"94C4","K5",1.1106053709604,"T5",2021-12-09
"774","00187294C4","M",152,"94C4","K6",0.987108364756283,"T6",2022-01-06
"775","00187294C4","M",152,"94C4","K7",1.11232344321884,"T7",2022-02-04
"782","00187294D3","M",152,"94D3","K1",1.09586038738665,"T1",2021-07-29
"780","00187294D3","M",152,"94D3","K2",1.11969409475742,"T2",2021-08-30
"783","00187294D3","M",152,"94D3","K3",1.11307309228792,"T3",2021-09-29
"784","00187294D3","M",152,"94D3","K4",1.12641567187022,"T4",2021-11-04
"778","00187294D3","M",152,"94D3","K5",1.22158446154416,"T5",2021-12-09
"781","00187294D3","M",152,"94D3","K6",1.1712547742493,"T6",2022-01-06
"779","00187294D3","M",152,"94D3","K7",1.21858214768953,"T7",2022-03-30
"790","00187294D8","F",152,"94D8","K1",1.00754313963876,"T1",2021-07-29
"789","00187294D8","F",152,"94D8","K2",1.04951150010177,"T2",2021-08-30
"786","00187294D8","F",152,"94D8","K3",1.08357493041041,"T3",2021-09-29
"791","00187294D8","F",152,"94D8","K4",1.02169781339734,"T4",2021-11-04
"785","00187294D8","F",152,"94D8","K5",1.15555555555556,"T5",2021-12-09
"787","00187294D8","F",152,"94D8","K6",1.09157968274842,"T6",2022-01-06
"788","00187294D8","F",152,"94D8","K7",1.12254148102917,"T7",2022-02-09
"794","00187294DB","F",152,"94DB","K1",1.02505227766616,"T1",2021-07-29
"793","00187294DB","F",152,"94DB","K2",0.991253644314869,"T2",2021-08-30
"792","00187294DB","F",152,"94DB","K3",1.07304271759732,"T3",2021-09-29
"798","00187294DB","F",152,"94DB","K4",1.1137944970031,"T4",2021-11-04
"797","00187294DB","F",152,"94DB","K5",1.08600583090379,"T5",2021-12-09
"795","00187294DB","F",152,"94DB","K6",1.064453125,"T6",2022-01-06
"796","00187294DB","F",152,"94DB","K7",1.14123287653055,"T7",2022-02-04
"804","00187294DD","F",202,"94DD","K1",0.951115246891524,"T1",2021-07-29
"799","00187294DD","F",202,"94DD","K2",1.0562414266118,"T2",2021-08-30
"803","00187294DD","F",202,"94DD","K3",0.960219478737997,"T3",2021-09-29
"801","00187294DD","F",202,"94DD","K4",0.972951184876941,"T4",2021-11-04
"805","00187294DD","F",202,"94DD","K5",1.04472649890182,"T5",2021-12-09
"800","00187294DD","F",202,"94DD","K6",1.08273448759205,"T6",2022-01-06
"802","00187294DD","F",202,"94DD","K7",1.1086978030809,"T7",2022-03-30
"812","00187294ED","M",151,"94ED","K1",1.10498176780083,"T1",2021-07-29
"810","00187294ED","M",151,"94ED","K2",1.0972094306813,"T2",2021-08-30
"811","00187294ED","M",151,"94ED","K3",1.03507167871375,"T3",2021-09-29
"809","00187294ED","M",151,"94ED","K4",1.05295556527515,"T4",2021-11-04
"807","00187294ED","M",151,"94ED","K5",NA,"T5",NA
"806","00187294ED","M",151,"94ED","K6",NA,"T6",NA
"808","00187294ED","M",151,"94ED","K7",NA,"T7",NA
"813","00187294F3","M",152,"94F3","K1",1.10626220703125,"T1",2021-07-29
"815","00187294F3","M",152,"94F3","K2",1.1304124824533,"T2",2021-08-30
"816","00187294F3","M",152,"94F3","K3",1.15959038910984,"T3",2021-09-29
"818","00187294F3","M",152,"94F3","K4",1.20245684588599,"T4",2021-11-04
"814","00187294F3","M",152,"94F3","K5",NA,"T5",NA
"819","00187294F3","M",152,"94F3","K6",NA,"T6",NA
"817","00187294F3","M",152,"94F3","K7",NA,"T7",NA
"821","00187294F9","F",201,"94F9","K1",1.03497925475406,"T1",2021-07-29
"824","00187294F9","F",201,"94F9","K2",1.07496567208679,"T2",2021-08-30
"820","00187294F9","F",201,"94F9","K3",1.08,"T3",2021-09-29
"826","00187294F9","F",201,"94F9","K4",1.1264,"T4",2021-11-04
"823","00187294F9","F",201,"94F9","K5",1.23795777248162,"T5",2021-12-09
"825","00187294F9","F",201,"94F9","K6",1.22233964509472,"T6",2022-01-06
"822","00187294F9","F",201,"94F9","K7",1.14566461505237,"T7",2022-03-30
"833","00187294FC","F",202,"94FC","K1",0.9918212890625,"T1",2021-07-29
"830","00187294FC","F",202,"94FC","K2",1.06666666666667,"T2",2021-08-30
"832","00187294FC","F",202,"94FC","K3",0.962430655637376,"T3",2021-09-29
"831","00187294FC","F",202,"94FC","K4",1.033792312938,"T4",2021-11-04
"828","00187294FC","F",202,"94FC","K5",1.09561465185941,"T5",2021-12-09
"827","00187294FC","F",202,"94FC","K6",1.11669364643296,"T6",2022-01-06
"829","00187294FC","F",202,"94FC","K7",1.1106053709604,"T7",2022-03-30
"836","001872950C","M",201,"950C","K1",1.08190597667638,"T1",2021-07-29
"840","001872950C","M",201,"950C","K2",1.13702623906706,"T2",2021-08-30
"839","001872950C","M",201,"950C","K3",0.962099125364431,"T3",2021-09-29
"835","001872950C","M",201,"950C","K4",1.26953125,"T4",2021-11-04
"834","001872950C","M",201,"950C","K5",1.20210368144252,"T5",2021-12-09
"837","001872950C","M",201,"950C","K6",1.20306863791089,"T6",2022-01-06
"838","001872950C","M",201,"950C","K7",1.17217797701197,"T7",2022-03-30
"846","001872951B","F",152,"951B","K1",0.965056560706253,"T1",2021-07-29
"844","001872951B","F",152,"951B","K2",0.978471740042639,"T2",2021-08-30
"843","001872951B","F",152,"951B","K3",0.984774862325883,"T3",2021-09-29
"845","001872951B","F",152,"951B","K4",0.960058251846138,"T4",2021-11-04
"847","001872951B","F",152,"951B","K5",1.02966664159906,"T5",2021-12-09
"841","001872951B","F",152,"951B","K6",1.05498059196902,"T6",2022-01-06
"842","001872951B","F",152,"951B","K7",1.06747857221373,"T7",2022-03-30
